{
  "fetch_time_utc": "2026-06-05T11:48:11.449298+00:00",
  "previous_regime": "R0",
  "features": {
    "us2y_level": null,
    "us10y_level": null,
    "us30y_level": null,
    "us10y_5d_change_bp": null,
    "us10y_20d_change_bp": null,
    "us10y_60d_change_bp": null,
    "us30y_5d_change_bp": null,
    "us30y_20d_change_bp": null,
    "us30y_60d_change_bp": null,
    "curve_10y2y": null,
    "curve_30y10y": null,
    "hy_oas_level": 2.75,
    "hy_oas_5d_change_bp": 2.9999999999999805,
    "hy_oas_20d_change_bp": -4.0000000000000036,
    "hy_oas_60d_change_bp": -41.99999999999999,
    "ig_oas_level": 0.74,
    "ig_oas_5d_change_bp": 1.0000000000000009,
    "ig_oas_20d_change_bp": -5.000000000000004,
    "ig_oas_60d_change_bp": -17.000000000000004,
    "dxy_latest": 99.21199798583984,
    "dxy_5d_return": 0.30532232590156916,
    "dxy_20d_return": 0.9791328100151153,
    "dxy_60d_return": -0.018145087659615644,
    "spy_latest": 757.0900268554688,
    "spy_5d_return": 0.3299829512448227,
    "spy_20d_return": 3.1696727067485497,
    "spy_60d_return": 12.105742777096772,
    "qqq_latest": 740.6099853515625,
    "qqq_5d_return": 0.6810780222816559,
    "qqq_20d_return": 6.444653342568829,
    "qqq_60d_return": 22.01059731141688,
    "iwm_latest": 292.010009765625,
    "iwm_5d_return": -0.00684484941801955,
    "iwm_20d_return": 1.8166046702962957,
    "iwm_60d_return": 15.459998502538541,
    "tlt_latest": 85.5,
    "tlt_5d_return": 0.11231826671287415,
    "tlt_20d_return": -0.28310785637870595,
    "tlt_60d_return": -2.019147726646797,
    "uup_latest": 27.84000015258789,
    "uup_5d_return": 0.5054129450990708,
    "uup_20d_return": 1.791589631750612,
    "uup_60d_return": 1.4207627643310738,
    "eem_latest": 69.0999984741211,
    "eem_5d_return": 0.7141784862418454,
    "eem_20d_return": 2.3855395781777755,
    "eem_60d_return": 17.75732466727038,
    "hyg_latest": 79.83000183105469,
    "hyg_5d_return": 0.010762398359376313,
    "hyg_20d_return": 0.09809413822949864,
    "hyg_60d_return": 1.2622214617714178,
    "lqd_latest": 108.8499984741211,
    "lqd_5d_return": 0.0024041757237913686,
    "lqd_20d_return": 0.06651141025231233,
    "lqd_60d_return": 0.07416908910973241,
    "iwm_spy_20d_relative": -1.353068036452254,
    "eem_spy_20d_relative": -0.7841331285707742,
    "qqq_spy_20d_relative": 3.2749806358202793,
    "sovereign_spread_change_bp": null
  },
  "metadata": {
    "items": {
      "us2y": {
        "group": "fred",
        "source": "FRED:DGS2",
        "latest_date": null,
        "freshness": "Missing",
        "error": "HTTP Error 504: Gateway Time-out"
      },
      "us10y": {
        "group": "fred",
        "source": "FRED:DGS10",
        "latest_date": null,
        "freshness": "Missing",
        "error": "HTTP Error 504: Gateway Time-out"
      },
      "us30y": {
        "group": "fred",
        "source": "FRED:DGS30",
        "latest_date": null,
        "freshness": "Missing",
        "error": "HTTP Error 504: Gateway Time-out"
      },
      "hy_oas": {
        "group": "fred",
        "source": "FRED:BAMLH0A0HYM2",
        "latest_date": "2026-06-03",
        "freshness": "Acceptable",
        "error": null
      },
      "ig_oas": {
        "group": "fred",
        "source": "FRED:BAMLC0A0CM",
        "latest_date": "2026-06-03",
        "freshness": "Acceptable",
        "error": null
      },
      "dxy": {
        "group": "yahoo",
        "source": "Yahoo:DX-Y.NYB",
        "latest_date": "2026-06-05",
        "freshness": "Fresh",
        "error": null
      },
      "spy": {
        "group": "yahoo",
        "source": "Yahoo:SPY",
        "latest_date": "2026-06-04",
        "freshness": "Fresh",
        "error": null
      },
      "qqq": {
        "group": "yahoo",
        "source": "Yahoo:QQQ",
        "latest_date": "2026-06-04",
        "freshness": "Fresh",
        "error": null
      },
      "iwm": {
        "group": "yahoo",
        "source": "Yahoo:IWM",
        "latest_date": "2026-06-04",
        "freshness": "Fresh",
        "error": null
      },
      "tlt": {
        "group": "yahoo",
        "source": "Yahoo:TLT",
        "latest_date": "2026-06-04",
        "freshness": "Fresh",
        "error": null
      },
      "uup": {
        "group": "yahoo",
        "source": "Yahoo:UUP",
        "latest_date": "2026-06-04",
        "freshness": "Fresh",
        "error": null
      },
      "eem": {
        "group": "yahoo",
        "source": "Yahoo:EEM",
        "latest_date": "2026-06-04",
        "freshness": "Fresh",
        "error": null
      },
      "hyg": {
        "group": "yahoo",
        "source": "Yahoo:HYG",
        "latest_date": "2026-06-04",
        "freshness": "Fresh",
        "error": null
      },
      "lqd": {
        "group": "yahoo",
        "source": "Yahoo:LQD",
        "latest_date": "2026-06-04",
        "freshness": "Fresh",
        "error": null
      }
    },
    "missing": [
      "us2y",
      "us10y",
      "us30y"
    ],
    "stale": [],
    "latest_market_date": "2026-06-05",
    "overall_freshness": "Fresh"
  },
  "rule_classification": {
    "scores": {
      "R0": 2,
      "R1": 1,
      "R2": 0,
      "R3": 1
    },
    "evidence": {
      "R0": [
        "equity resilience with stable credit",
        "DXY is stable"
      ],
      "R1": [
        "credit spread pressure is not yet disorderly"
      ],
      "R2": [],
      "R3": [
        "SPY and QQQ rallied over 20D"
      ]
    },
    "signal_probability": {
      "R0": 0.476064784607318,
      "R1": 0.2139096965202944,
      "R2": 0.09611582235209311,
      "R3": 0.2139096965202944
    },
    "markov_prior": {
      "R0": 0.55,
      "R1": 0.25,
      "R2": 0.06,
      "R3": 0.14
    },
    "posterior_probability": {
      "R0": 0.5019421099947567,
      "R1": 0.22654130273819137,
      "R2": 0.08347528452886052,
      "R3": 0.18804130273819136
    },
    "top_regime": "R0"
  },
  "student_t_filter": {
    "probability": {
      "R0": 0.9449174916321116,
      "R1": 0.033458687673512955,
      "R2": 0.02116262368526406,
      "R3": 0.0004611970091115599
    },
    "diagnostics": {
      "method": "Student-t observation filter + Markov transition smoothing",
      "available_feature_count": 9,
      "required_min_rows": 80,
      "used": true,
      "warnings": [
        "State R2 has only 6 pseudo-labeled rows; using global robust scale."
      ],
      "usable_rows": 1271,
      "available_features": [
        "dxy_20d_return",
        "spy_20d_return",
        "qqq_20d_return",
        "iwm_spy_20d_relative",
        "eem_spy_20d_relative",
        "tlt_20d_return",
        "hyg_20d_return",
        "hy_oas_20d_change_bp",
        "ig_oas_20d_change_bp"
      ],
      "pseudo_label_counts": {
        "R0": 403,
        "R1": 723,
        "R2": 6,
        "R3": 139
      },
      "latest_log_likelihood": {
        "R0": -20.178152598320864,
        "R1": -22.829291891645955,
        "R2": -22.094576481347108,
        "R3": -26.547702438483046
      },
      "top_regime": "R0"
    }
  },
  "change_point": {
    "method": "robust trailing-window abnormality score",
    "used": true,
    "risk_score": 0.048829580871846315,
    "risk_level": "low",
    "distance": 0.6181475966502733,
    "warnings": [],
    "stress_vote_count": 0,
    "stress_vote_total": 8,
    "available_features": [
      "dxy_20d_return",
      "spy_20d_return",
      "qqq_20d_return",
      "iwm_spy_20d_relative",
      "eem_spy_20d_relative",
      "tlt_20d_return",
      "hyg_20d_return",
      "hy_oas_20d_change_bp",
      "ig_oas_20d_change_bp"
    ]
  },
  "ensemble": {
    "probability": {
      "R0": 0.6217615810307943,
      "R1": 0.17952292171712209,
      "R2": 0.06624065231515383,
      "R3": 0.1324748449369298
    },
    "top_regime": "R0",
    "weights": {
      "rule": 0.6,
      "stat": 0.3,
      "change": 0.1
    },
    "change_risk_prior": {
      "R0": 0.3712106754430677,
      "R1": 0.3356053377215339,