{
  "fetch_time_utc": "2026-07-07T01:13:06.028572+00:00",
  "previous_regime": "R1",
  "features": {
    "us2y_level": 4.14,
    "us10y_level": 4.49,
    "us30y_level": 4.98,
    "us10y_5d_change_bp": 8.999999999999986,
    "us10y_20d_change_bp": 0.0,
    "us10y_60d_change_bp": 16.000000000000014,
    "us30y_5d_change_bp": 12.00000000000001,
    "us30y_20d_change_bp": -0.9999999999999787,
    "us30y_60d_change_bp": 8.000000000000007,
    "curve_10y2y": 0.35000000000000053,
    "curve_30y10y": 0.4900000000000002,
    "hy_oas_level": 2.74,
    "hy_oas_5d_change_bp": -8.999999999999986,
    "hy_oas_20d_change_bp": -1.9999999999999574,
    "hy_oas_60d_change_bp": -20.999999999999996,
    "ig_oas_level": 0.75,
    "ig_oas_5d_change_bp": -2.0000000000000018,
    "ig_oas_20d_change_bp": 1.0000000000000009,
    "ig_oas_60d_change_bp": -6.999999999999995,
    "dxy_latest": 100.89700317382812,
    "dxy_5d_return": -0.45678515561902167,
    "dxy_20d_return": 1.495824823398051,
    "dxy_60d_return": 1.7825138397743912,
    "spy_latest": 751.280029296875,
    "spy_5d_return": 3.057660511268967,
    "spy_20d_return": -0.5117646378935969,
    "spy_60d_return": 11.420757746154543,
    "qqq_latest": 722.8200073242188,
    "qqq_5d_return": 2.3070808105031704,
    "qqq_20d_return": -2.2948173368268265,
    "qqq_60d_return": 19.390574596255906,
    "iwm_latest": 298.8999938964844,
    "iwm_5d_return": -0.3101733373680138,
    "iwm_20d_return": 2.6029231659344676,
    "iwm_60d_return": 15.02699055013652,
    "tlt_latest": 85.44999694824219,
    "tlt_5d_return": -1.8251072287969627,
    "tlt_20d_return": 0.31062873681677594,
    "tlt_60d_return": -0.9637728780443666,
    "uup_latest": 28.31999969482422,
    "uup_5d_return": -0.49191635331014005,
    "uup_20d_return": 1.724136277318622,
    "uup_60d_return": 2.869593129221859,
    "eem_latest": 67.56999969482422,
    "eem_5d_return": 0.5655562429088379,
    "eem_20d_return": -1.7059142251673154,
    "eem_60d_return": 12.377915672929984,
    "hyg_latest": 79.87000274658203,
    "hyg_5d_return": 0.5139029055331257,
    "hyg_20d_return": 0.5139029055331257,
    "hyg_60d_return": 0.5869924840710583,
    "lqd_latest": 108.66999816894531,
    "lqd_5d_return": -0.4091981341504791,
    "lqd_20d_return": 0.18551448071524312,
    "lqd_60d_return": -0.009687627369481255,
    "iwm_spy_20d_relative": 3.1146878038280645,
    "eem_spy_20d_relative": -1.1941495872737184,
    "qqq_spy_20d_relative": -1.7830526989332296,
    "sovereign_spread_change_bp": null
  },
  "metadata": {
    "items": {
      "us2y": {
        "group": "fred",
        "source": "FRED:DGS2",
        "latest_date": "2026-07-02",
        "freshness": "Acceptable",
        "error": null
      },
      "us10y": {
        "group": "fred",
        "source": "FRED:DGS10",
        "latest_date": "2026-07-02",
        "freshness": "Acceptable",
        "error": null
      },
      "us30y": {
        "group": "fred",
        "source": "FRED:DGS30",
        "latest_date": "2026-07-02",
        "freshness": "Acceptable",
        "error": null
      },
      "hy_oas": {
        "group": "fred",
        "source": "FRED:BAMLH0A0HYM2",
        "latest_date": "2026-07-03",
        "freshness": "Acceptable",
        "error": null
      },
      "ig_oas": {
        "group": "fred",
        "source": "FRED:BAMLC0A0CM",
        "latest_date": "2026-07-03",
        "freshness": "Acceptable",
        "error": null
      },
      "dxy": {
        "group": "yahoo",
        "source": "Yahoo:DX-Y.NYB",
        "latest_date": "2026-07-06",
        "freshness": "Fresh",
        "error": null
      },
      "spy": {
        "group": "yahoo",
        "source": "Yahoo:SPY",
        "latest_date": "2026-07-06",
        "freshness": "Fresh",
        "error": null
      },
      "qqq": {
        "group": "yahoo",
        "source": "Yahoo:QQQ",
        "latest_date": "2026-07-06",
        "freshness": "Fresh",
        "error": null
      },
      "iwm": {
        "group": "yahoo",
        "source": "Yahoo:IWM",
        "latest_date": "2026-07-06",
        "freshness": "Fresh",
        "error": null
      },
      "tlt": {
        "group": "yahoo",
        "source": "Yahoo:TLT",
        "latest_date": "2026-07-06",
        "freshness": "Fresh",
        "error": null
      },
      "uup": {
        "group": "yahoo",
        "source": "Yahoo:UUP",
        "latest_date": "2026-07-06",
        "freshness": "Fresh",
        "error": null
      },
      "eem": {
        "group": "yahoo",
        "source": "Yahoo:EEM",
        "latest_date": "2026-07-06",
        "freshness": "Fresh",
        "error": null
      },
      "hyg": {
        "group": "yahoo",
        "source": "Yahoo:HYG",
        "latest_date": "2026-07-06",
        "freshness": "Fresh",
        "error": null
      },
      "lqd": {
        "group": "yahoo",
        "source": "Yahoo:LQD",
        "latest_date": "2026-07-06",
        "freshness": "Fresh",
        "error": null
      }
    },
    "missing": [],
    "stale": [],
    "latest_market_date": "2026-07-06",
    "overall_freshness": "Fresh"
  },
  "rule_classification": {
    "scores": {
      "R0": 1,
      "R1": 2,
      "R2": 0,
      "R3": 0
    },
    "evidence": {
      "R0": [
        "10Y yield is high but not accelerating"
      ],
      "R1": [
        "DXY strengthened over 20D",
        "credit spread pressure is not yet disorderly"
      ],
      "R2": [],
      "R3": []
    },
    "signal_probability": {
      "R0": 0.2424713343705328,
      "R1": 0.5396298786278032,
      "R2": 0.10894939350083196,
      "R3": 0.10894939350083196
    },
    "markov_prior": {
      "R0": 0.25,
      "R1": 0.43,
      "R2": 0.18,
      "R3": 0.14
    },
    "posterior_probability": {
      "R0": 0.24510636734084632,
      "R1": 0.5012594211080721,
      "R2": 0.1338171057755408,
      "R3": 0.11981710577554078
    },
    "top_regime": "R1"
  },
  "student_t_filter": {
    "probability": {
      "R0": 0.9870160805823099,
      "R1": 0.003606157852099698,
      "R2": 0.009377617344574794,
      "R3": 1.4422101554565395e-07
    },
    "diagnostics": {
      "method": "Student-t observation filter + Markov transition smoothing",
      "available_feature_count": 13,
      "required_min_rows": 80,
      "used": true,
      "warnings": [
        "State R2 has only 5 pseudo-labeled rows; using global robust scale."
      ],
      "usable_rows": 1270,
      "available_features": [
        "us10y_20d_change_bp",
        "us30y_20d_change_bp",
        "curve_10y2y",
        "curve_30y10y",
        "dxy_20d_return",
        "spy_20d_return",
        "qqq_20d_return",
        "iwm_spy_20d_relative",
        "eem_spy_20d_relative",
        "tlt_20d_return",
        "hyg_20d_return",
        "hy_oas_20d_change_bp",
        "ig_oas_20d_change_bp"
      ],
      "pseudo_label_counts": {
        "R0": 380,
        "R1": 732,
        "R2": 5,
        "R3": 153
      },
      "latest_log_likelihood": {
        "R0": -29.246481778342016,
        "R1": -34.145426535523804,
        "R2": -32.153997340303825,
        "R3": -43.80566089712703
      },
      "top_regime": "R0"
    }
  },
  "change_point": {
    "method": "robust trailing-window abnormality score",
    "used": true,
    "risk_score": 0.06298556992937986,
    "risk_level": "low",
    "distance": 0.7991065619449645,
    "warnings": [],
    "stress_vote_count": 0,
    "stress_vote_total": 8,
    "available_features": [
      "us10y_20d_change_bp",
      "us30y_20d_change_bp",
      "curve_10y2y",
      "curve_30y10y",
      "dxy_20d_return",
      "spy_20d_return",
      "qqq_20d_return",
      "iwm_spy_20d_relative",
      "eem_spy_20d_relative",
      "tlt_20d_return",
      "hyg_20d_return",
      "hy_oas_20d_change_bp",
      "ig_oas_20d_change_bp"
    ]
  },
  "ensemble": {
    "probability": {
      "R0": 0.48003490432047197,
      "R1": 0.33527062989110873,
      "R2": 0.09343401475608398,
      "R3": 0.09126045103233535
    },