{
  "fetch_time_utc": "2026-06-10T12:06:36.664965+00:00",
  "previous_regime": "R1",
  "features": {
    "us2y_level": null,
    "us10y_level": null,
    "us30y_level": null,
    "us10y_5d_change_bp": null,
    "us10y_20d_change_bp": null,
    "us10y_60d_change_bp": null,
    "us30y_5d_change_bp": null,
    "us30y_20d_change_bp": null,
    "us30y_60d_change_bp": null,
    "curve_10y2y": null,
    "curve_30y10y": null,
    "hy_oas_level": 2.75,
    "hy_oas_5d_change_bp": 2.9999999999999805,
    "hy_oas_20d_change_bp": -6.999999999999984,
    "hy_oas_60d_change_bp": -47.00000000000002,
    "ig_oas_level": 0.75,
    "ig_oas_5d_change_bp": 2.0000000000000018,
    "ig_oas_20d_change_bp": -2.0000000000000018,
    "ig_oas_60d_change_bp": -17.000000000000004,
    "dxy_latest": 100.00499725341797,
    "dxy_5d_return": 0.791167126644865,
    "dxy_20d_return": 2.1084283852730312,
    "dxy_60d_return": -0.3537299270372607,
    "spy_latest": 739.219970703125,
    "spy_5d_return": -2.546999220062507,
    "spy_20d_return": 0.21691054967718504,
    "spy_60d_return": 11.287093959802451,
    "qqq_latest": 716.0700073242188,
    "qqq_5d_return": -3.5907562889861966,
    "qqq_20d_return": 0.680515021636019,
    "qqq_60d_return": 20.043680744813486,
    "iwm_latest": 284.1099853515625,
    "iwm_5d_return": -1.685246539421037,
    "iwm_20d_return": -0.021124000892214223,
    "iwm_60d_return": 15.03793741930648,
    "tlt_latest": 84.62000274658203,
    "tlt_5d_return": -0.9944991950172066,
    "tlt_20d_return": -1.3094305605396706,
    "tlt_60d_return": -1.5669415543695275,
    "uup_latest": 28.030000686645508,
    "uup_5d_return": 0.9726241193714458,
    "uup_20d_return": 2.5237766284076146,
    "uup_60d_return": 1.2644522312533324,
    "eem_latest": 65.75,
    "eem_5d_return": -6.178655419406576,
    "eem_20d_return": -3.2234359180292715,
    "eem_60d_return": 15.452149462985076,
    "hyg_latest": 79.54000091552734,
    "hyg_5d_return": -0.37574578672783243,
    "hyg_20d_return": -0.24063655583905774,
    "hyg_60d_return": 1.7717149391158982,
    "lqd_latest": 108.05999755859375,
    "lqd_5d_return": -0.7986805693056542,
    "lqd_20d_return": -0.6688332969002286,
    "lqd_60d_return": 0.7112826239184189,
    "iwm_spy_20d_relative": -0.23803455056939926,
    "eem_spy_20d_relative": -3.4403464677064566,
    "qqq_spy_20d_relative": 0.4636044719588339,
    "sovereign_spread_change_bp": null
  },
  "metadata": {
    "items": {
      "us2y": {
        "group": "fred",
        "source": "FRED:DGS2",
        "latest_date": null,
        "freshness": "Missing",
        "error": "HTTP Error 504: Gateway Time-out"
      },
      "us10y": {
        "group": "fred",
        "source": "FRED:DGS10",
        "latest_date": null,
        "freshness": "Missing",
        "error": "HTTP Error 504: Gateway Time-out"
      },
      "us30y": {
        "group": "fred",
        "source": "FRED:DGS30",
        "latest_date": null,
        "freshness": "Missing",
        "error": "HTTP Error 504: Gateway Time-out"
      },
      "hy_oas": {
        "group": "fred",
        "source": "FRED:BAMLH0A0HYM2",
        "latest_date": "2026-06-08",
        "freshness": "Acceptable",
        "error": null
      },
      "ig_oas": {
        "group": "fred",
        "source": "FRED:BAMLC0A0CM",
        "latest_date": "2026-06-08",
        "freshness": "Acceptable",
        "error": null
      },
      "dxy": {
        "group": "yahoo",
        "source": "Yahoo:DX-Y.NYB",
        "latest_date": "2026-06-10",
        "freshness": "Fresh",
        "error": null
      },
      "spy": {
        "group": "yahoo",
        "source": "Yahoo:SPY",
        "latest_date": "2026-06-08",
        "freshness": "Acceptable",
        "error": null
      },
      "qqq": {
        "group": "yahoo",
        "source": "Yahoo:QQQ",
        "latest_date": "2026-06-08",
        "freshness": "Acceptable",
        "error": null
      },
      "iwm": {
        "group": "yahoo",
        "source": "Yahoo:IWM",
        "latest_date": "2026-06-08",
        "freshness": "Acceptable",
        "error": null
      },
      "tlt": {
        "group": "yahoo",
        "source": "Yahoo:TLT",
        "latest_date": "2026-06-08",
        "freshness": "Acceptable",
        "error": null
      },
      "uup": {
        "group": "yahoo",
        "source": "Yahoo:UUP",
        "latest_date": "2026-06-08",
        "freshness": "Acceptable",
        "error": null
      },
      "eem": {
        "group": "yahoo",
        "source": "Yahoo:EEM",
        "latest_date": "2026-06-08",
        "freshness": "Acceptable",
        "error": null
      },
      "hyg": {
        "group": "yahoo",
        "source": "Yahoo:HYG",
        "latest_date": "2026-06-08",
        "freshness": "Acceptable",
        "error": null
      },
      "lqd": {
        "group": "yahoo",
        "source": "Yahoo:LQD",
        "latest_date": "2026-06-08",
        "freshness": "Acceptable",
        "error": null
      }
    },
    "missing": [
      "us2y",
      "us10y",
      "us30y"
    ],
    "stale": [],
    "latest_market_date": "2026-06-10",
    "overall_freshness": "Fresh"
  },
  "rule_classification": {
    "scores": {
      "R0": 1,
      "R1": 3,
      "R2": 0,
      "R3": 0
    },
    "evidence": {
      "R0": [
        "equity resilience with stable credit"
      ],
      "R1": [
        "DXY strengthened over 20D",
        "EEM underperformed SPY over 20D",
        "credit spread pressure is not yet disorderly"
      ],
      "R2": [],
      "R3": []
    },
    "signal_probability": {
      "R0": 0.14594938599585397,
      "R1": 0.7228920411580229,
      "R2": 0.06557928642306159,
      "R3": 0.06557928642306159
    },
    "markov_prior": {
      "R0": 0.25,
      "R1": 0.43,
      "R2": 0.18,
      "R3": 0.14
    },
    "posterior_probability": {
      "R0": 0.18236710089730507,
      "R1": 0.6203798267527149,
      "R2": 0.10562653617499004,
      "R3": 0.09162653617499003
    },
    "top_regime": "R1"
  },
  "student_t_filter": {
    "probability": {
      "R0": 0.6423076812094041,
      "R1": 0.2915224705254694,
      "R2": 0.06616561842088593,
      "R3": 4.229844240540668e-06
    },
    "diagnostics": {
      "method": "Student-t observation filter + Markov transition smoothing",
      "available_feature_count": 9,
      "required_min_rows": 80,
      "used": true,
      "warnings": [
        "State R2 has only 6 pseudo-labeled rows; using global robust scale."
      ],
      "usable_rows": 1270,
      "available_features": [
        "dxy_20d_return",
        "spy_20d_return",
        "qqq_20d_return",
        "iwm_spy_20d_relative",
        "eem_spy_20d_relative",
        "tlt_20d_return",
        "hyg_20d_return",
        "hy_oas_20d_change_bp",
        "ig_oas_20d_change_bp"
      ],
      "pseudo_label_counts": {
        "R0": 402,
        "R1": 723,
        "R2": 6,
        "R3": 139
      },
      "latest_log_likelihood": {
        "R0": -21.527500818889116,
        "R1": -21.953386217041967,
        "R2": -22.48557235392455,
        "R3": -32.4163622028226
      },
      "top_regime": "R0"
    }
  },
  "change_point": {
    "method": "robust trailing-window abnormality score",
    "used": true,
    "risk_score": 0.056950605946670375,
    "risk_level": "low",
    "distance": 0.7269893154051345,
    "warnings": [],
    "stress_vote_count": 0,
    "stress_vote_total": 8,
    "available_features": [
      "dxy_20d_return",
      "spy_20d_return",
      "qqq_20d_return",
      "iwm_spy_20d_relative",
      "eem_spy_20d_relative",
      "tlt_20d_return",
      "hyg_20d_return",
      "hy_oas_20d_change_bp",
      "ig_oas_20d_change_bp"
    ]
  },
  "ensemble": {
    "probability": {
      "R0": 0.3390874539941642,
      "R1": 0.4931720817557497,
      "R2": 0.0933327796512866,
      "R3": 0.07440768459879948
    },
    "top_regime": "R1",
    "weights": {
      "rule": 0.6,
      "stat": 0.3,
      "change": 0.1
    },