{
  "fetch_time_utc": "2026-07-24T00:53:56.180078+00:00",
  "previous_regime": "R1",
  "features": {
    "us2y_level": 4.31,
    "us10y_level": 4.67,
    "us30y_level": 5.15,
    "us10y_5d_change_bp": 12.00000000000001,
    "us10y_20d_change_bp": 16.999999999999993,
    "us10y_60d_change_bp": 36.00000000000003,
    "us30y_5d_change_bp": 7.000000000000028,
    "us30y_20d_change_bp": 20.999999999999996,
    "us30y_60d_change_bp": 24.00000000000002,
    "curve_10y2y": 0.3600000000000003,
    "curve_30y10y": 0.4800000000000004,
    "hy_oas_level": 2.68,
    "hy_oas_5d_change_bp": -2.9999999999999805,
    "hy_oas_20d_change_bp": -7.999999999999963,
    "hy_oas_60d_change_bp": -14.999999999999991,
    "ig_oas_level": 0.78,
    "ig_oas_5d_change_bp": -1.0000000000000009,
    "ig_oas_20d_change_bp": 3.0000000000000027,
    "ig_oas_60d_change_bp": -3.0000000000000027,
    "dxy_latest": 101.44499969482422,
    "dxy_5d_return": 0.7098146669935579,
    "dxy_20d_return": -0.16238649201477662,
    "dxy_60d_return": 3.010759785561956,
    "spy_latest": 738.1799926757812,
    "spy_5d_return": -1.6703935577468076,
    "spy_20d_return": 0.673722452021086,
    "spy_60d_return": 3.483330019176467,
    "qqq_latest": 691.9600219726562,
    "qqq_5d_return": -1.980335498824537,
    "qqq_20d_return": -2.625872234492088,
    "qqq_60d_return": 4.289243531155673,
    "iwm_latest": 292.0899963378906,
    "iwm_5d_return": -1.1840725475699587,
    "iwm_20d_return": -1.5504418974899847,
    "iwm_60d_return": 5.645016285717341,
    "tlt_latest": 83.16999816894531,
    "tlt_5d_return": -1.2350088194207132,
    "tlt_20d_return": -4.466499522781975,
    "tlt_60d_return": -2.509299897226258,
    "uup_latest": 28.559999465942383,
    "uup_5d_return": 0.7762855051869355,
    "uup_20d_return": 0.10514818988740515,
    "uup_60d_return": 4.0437110096607,
    "eem_latest": 64.5999984741211,
    "eem_5d_return": 0.6387225691245169,
    "eem_20d_return": -3.9405227150615674,
    "eem_60d_return": 2.0361003312791226,
    "hyg_latest": 79.2300033569336,
    "hyg_5d_return": -0.7142853045438158,
    "hyg_20d_return": -0.31648698391965047,
    "hyg_60d_return": -0.10686859155180084,
    "lqd_latest": 106.26000213623047,
    "lqd_5d_return": -1.1534863849018917,
    "lqd_20d_return": -2.537738194614092,
    "lqd_60d_return": -1.676955220576315,
    "iwm_spy_20d_relative": -2.224164349511071,
    "eem_spy_20d_relative": -4.614245167082654,
    "qqq_spy_20d_relative": -3.2995946865131742,
    "sovereign_spread_change_bp": null
  },
  "metadata": {
    "items": {
      "us2y": {
        "group": "fred",
        "source": "FRED:DGS2",
        "latest_date": "2026-07-22",
        "freshness": "Acceptable",
        "error": null
      },
      "us10y": {
        "group": "fred",
        "source": "FRED:DGS10",
        "latest_date": "2026-07-22",
        "freshness": "Acceptable",
        "error": null
      },
      "us30y": {
        "group": "fred",
        "source": "FRED:DGS30",
        "latest_date": "2026-07-22",
        "freshness": "Acceptable",
        "error": null
      },
      "hy_oas": {
        "group": "fred",
        "source": "FRED:BAMLH0A0HYM2",
        "latest_date": "2026-07-22",
        "freshness": "Acceptable",
        "error": null
      },
      "ig_oas": {
        "group": "fred",
        "source": "FRED:BAMLC0A0CM",
        "latest_date": "2026-07-22",
        "freshness": "Acceptable",
        "error": null
      },
      "dxy": {
        "group": "yahoo",
        "source": "Yahoo:DX-Y.NYB",
        "latest_date": "2026-07-23",
        "freshness": "Fresh",
        "error": null
      },
      "spy": {
        "group": "yahoo",
        "source": "Yahoo:SPY",
        "latest_date": "2026-07-23",
        "freshness": "Fresh",
        "error": null
      },
      "qqq": {
        "group": "yahoo",
        "source": "Yahoo:QQQ",
        "latest_date": "2026-07-23",
        "freshness": "Fresh",
        "error": null
      },
      "iwm": {
        "group": "yahoo",
        "source": "Yahoo:IWM",
        "latest_date": "2026-07-23",
        "freshness": "Fresh",
        "error": null
      },
      "tlt": {
        "group": "yahoo",
        "source": "Yahoo:TLT",
        "latest_date": "2026-07-23",
        "freshness": "Fresh",
        "error": null
      },
      "uup": {
        "group": "yahoo",
        "source": "Yahoo:UUP",
        "latest_date": "2026-07-23",
        "freshness": "Fresh",
        "error": null
      },
      "eem": {
        "group": "yahoo",
        "source": "Yahoo:EEM",
        "latest_date": "2026-07-23",
        "freshness": "Fresh",
        "error": null
      },
      "hyg": {
        "group": "yahoo",
        "source": "Yahoo:HYG",
        "latest_date": "2026-07-23",
        "freshness": "Fresh",
        "error": null
      },
      "lqd": {
        "group": "yahoo",
        "source": "Yahoo:LQD",
        "latest_date": "2026-07-23",
        "freshness": "Fresh",
        "error": null
      }
    },
    "missing": [],
    "stale": [],
    "latest_market_date": "2026-07-23",
    "overall_freshness": "Fresh"
  },
  "rule_classification": {
    "scores": {
      "R0": 3,
      "R1": 4,
      "R2": 0,
      "R3": 0
    },
    "evidence": {
      "R0": [
        "10Y yield is high but not accelerating",
        "equity resilience with stable credit",
        "DXY is stable"
      ],
      "R1": [
        "IWM underperformed SPY over 20D",
        "EEM underperformed SPY over 20D",
        "TLT sold off over 20D",
        "credit spread pressure is not yet disorderly"
      ],
      "R2": [],
      "R3": []
    },
    "signal_probability": {
      "R0": 0.2935153505318959,
      "R1": 0.6532304257495479,
      "R2": 0.026627111859278078,
      "R3": 0.026627111859278078
    },
    "markov_prior": {
      "R0": 0.25,
      "R1": 0.43,
      "R2": 0.18,
      "R3": 0.14
    },
    "posterior_probability": {
      "R0": 0.27828497784573236,
      "R1": 0.5750997767372061,
      "R2": 0.08030762270853076,
      "R3": 0.06630762270853074
    },
    "top_regime": "R1"
  },
  "student_t_filter": {
    "probability": {
      "R0": 0.004948097196210147,
      "R1": 0.93154243358763,
      "R2": 0.06350923507158367,
      "R3": 2.341445762287357e-07
    },
    "diagnostics": {
      "method": "Student-t observation filter + Markov transition smoothing",
      "available_feature_count": 13,
      "required_min_rows": 80,
      "used": true,
      "warnings": [
        "State R2 has only 5 pseudo-labeled rows; using global robust scale."
      ],
      "usable_rows": 1270,
      "available_features": [
        "us10y_20d_change_bp",
        "us30y_20d_change_bp",
        "curve_10y2y",
        "curve_30y10y",
        "dxy_20d_return",
        "spy_20d_return",
        "qqq_20d_return",
        "iwm_spy_20d_relative",
        "eem_spy_20d_relative",
        "tlt_20d_return",
        "hyg_20d_return",
        "hy_oas_20d_change_bp",
        "ig_oas_20d_change_bp"
      ],
      "pseudo_label_counts": {
        "R0": 379,
        "R1": 733,
        "R2": 5,
        "R3": 153
      },
      "latest_log_likelihood": {
        "R0": -35.89521029226147,
        "R1": -31.124052904697194,
        "R2": -33.36833554772347,
        "R3": -45.71373449238478
      },
      "top_regime": "R1"
    }
  },
  "change_point": {
    "method": "robust trailing-window abnormality score",
    "used": true,
    "risk_score": 0.17609275529432994,
    "risk_level": "low",
    "distance": 1.0498422860653571,
    "warnings": [],
    "stress_vote_count": 2,
    "stress_vote_total": 8,
    "available_features": [
      "us10y_20d_change_bp",
      "us30y_20d_change_bp",
      "curve_10y2y",
      "curve_30y10y",
      "dxy_20d_return",
      "spy_20d_return",
      "qqq_20d_return",
      "iwm_spy_20d_relative",
      "eem_spy_20d_relative",
      "tlt_20d_return",
      "hyg_20d_return",
      "hy_oas_20d_change_bp",
      "ig_oas_20d_change_bp"
    ]
  },