{
  "fetch_time_utc": "2026-06-24T01:22:09.186603+00:00",
  "previous_regime": "R0",
  "features": {
    "us2y_level": 4.24,
    "us10y_level": 4.51,
    "us30y_level": 4.95,
    "us10y_5d_change_bp": 2.999999999999936,
    "us10y_20d_change_bp": -6.00000000000005,
    "us10y_60d_change_bp": 8.999999999999986,
    "us30y_5d_change_bp": -1.9999999999999574,
    "us30y_20d_change_bp": -14.999999999999947,
    "us30y_60d_change_bp": 2.000000000000046,
    "curve_10y2y": 0.2699999999999996,
    "curve_30y10y": 0.4400000000000004,
    "hy_oas_level": 2.65,
    "hy_oas_5d_change_bp": -1.000000000000023,
    "hy_oas_20d_change_bp": -7.000000000000028,
    "hy_oas_60d_change_bp": -62.999999999999986,
    "ig_oas_level": 0.74,
    "ig_oas_5d_change_bp": 1.0000000000000009,
    "ig_oas_20d_change_bp": 0.0,
    "ig_oas_60d_change_bp": -16.000000000000004,
    "dxy_latest": 101.4260025024414,
    "dxy_5d_return": 1.8026751967634258,
    "dxy_20d_return": 2.120421681522555,
    "dxy_60d_return": 1.5275284817360069,
    "spy_latest": 733.5800170898438,
    "spy_5d_return": -2.56483071911342,
    "spy_20d_return": -1.3639444131039902,
    "spy_60d_return": 14.01043028284208,
    "qqq_latest": 713.6500244140625,
    "qqq_5d_return": -3.97388700932918,
    "qqq_20d_return": -0.4328266317644047,
    "qqq_60d_return": 24.511463790331977,
    "iwm_latest": 295.32000732421875,
    "iwm_5d_return": 0.2307876194591607,
    "iwm_20d_return": 3.8237581575613744,
    "iwm_60d_return": 19.63397148529129,
    "tlt_latest": 86.19999694824219,
    "tlt_5d_return": 0.5599576769757864,
    "tlt_20d_return": 2.1953851640752253,
    "tlt_60d_return": 1.272393768197988,
    "uup_latest": 28.450000762939453,
    "uup_5d_return": 1.7161296437922413,
    "uup_20d_return": 2.448686690553048,
    "uup_60d_return": 2.3013351646441027,
    "eem_latest": 67.16999816894531,
    "eem_5d_return": -3.698927356350812,
    "eem_20d_return": 2.4880645448183136,
    "eem_60d_return": 21.721882120606352,
    "hyg_latest": 79.87000274658203,
    "hyg_5d_return": -0.2123915129945142,
    "hyg_20d_return": 0.46156549373295164,
    "hyg_60d_return": 2.7507589222749207,
    "lqd_latest": 108.91000366210938,
    "lqd_5d_return": -0.0733959108432547,
    "lqd_20d_return": 0.8792611439023545,
    "lqd_60d_return": 2.1527056807717715,
    "iwm_spy_20d_relative": 5.1877025706653646,
    "eem_spy_20d_relative": 3.852008957922304,
    "qqq_spy_20d_relative": 0.9311177813395854,
    "sovereign_spread_change_bp": null
  },
  "metadata": {
    "items": {
      "us2y": {
        "group": "fred",
        "source": "FRED:DGS2",
        "latest_date": "2026-06-22",
        "freshness": "Acceptable",
        "error": null
      },
      "us10y": {
        "group": "fred",
        "source": "FRED:DGS10",
        "latest_date": "2026-06-22",
        "freshness": "Acceptable",
        "error": null
      },
      "us30y": {
        "group": "fred",
        "source": "FRED:DGS30",
        "latest_date": "2026-06-22",
        "freshness": "Acceptable",
        "error": null
      },
      "hy_oas": {
        "group": "fred",
        "source": "FRED:BAMLH0A0HYM2",
        "latest_date": "2026-06-22",
        "freshness": "Acceptable",
        "error": null
      },
      "ig_oas": {
        "group": "fred",
        "source": "FRED:BAMLC0A0CM",
        "latest_date": "2026-06-22",
        "freshness": "Acceptable",
        "error": null
      },
      "dxy": {
        "group": "yahoo",
        "source": "Yahoo:DX-Y.NYB",
        "latest_date": "2026-06-23",
        "freshness": "Fresh",
        "error": null
      },
      "spy": {
        "group": "yahoo",
        "source": "Yahoo:SPY",
        "latest_date": "2026-06-23",
        "freshness": "Fresh",
        "error": null
      },
      "qqq": {
        "group": "yahoo",
        "source": "Yahoo:QQQ",
        "latest_date": "2026-06-23",
        "freshness": "Fresh",
        "error": null
      },
      "iwm": {
        "group": "yahoo",
        "source": "Yahoo:IWM",
        "latest_date": "2026-06-23",
        "freshness": "Fresh",
        "error": null
      },
      "tlt": {
        "group": "yahoo",
        "source": "Yahoo:TLT",
        "latest_date": "2026-06-23",
        "freshness": "Fresh",
        "error": null
      },
      "uup": {
        "group": "yahoo",
        "source": "Yahoo:UUP",
        "latest_date": "2026-06-23",
        "freshness": "Fresh",
        "error": null
      },
      "eem": {
        "group": "yahoo",
        "source": "Yahoo:EEM",
        "latest_date": "2026-06-23",
        "freshness": "Fresh",
        "error": null
      },
      "hyg": {
        "group": "yahoo",
        "source": "Yahoo:HYG",
        "latest_date": "2026-06-23",
        "freshness": "Fresh",
        "error": null
      },
      "lqd": {
        "group": "yahoo",
        "source": "Yahoo:LQD",
        "latest_date": "2026-06-23",
        "freshness": "Fresh",
        "error": null
      }
    },
    "missing": [],
    "stale": [],
    "latest_market_date": "2026-06-23",
    "overall_freshness": "Fresh"
  },
  "rule_classification": {
    "scores": {
      "R0": 1,
      "R1": 2,
      "R2": 0,
      "R3": 0
    },
    "evidence": {
      "R0": [
        "10Y yield is high but not accelerating"
      ],
      "R1": [
        "DXY strengthened over 20D",
        "credit spread pressure is not yet disorderly"
      ],
      "R2": [],
      "R3": []
    },
    "signal_probability": {
      "R0": 0.2424713343705328,
      "R1": 0.5396298786278032,
      "R2": 0.10894939350083196,
      "R3": 0.10894939350083196
    },
    "markov_prior": {
      "R0": 0.55,
      "R1": 0.25,
      "R2": 0.06,
      "R3": 0.14
    },
    "posterior_probability": {
      "R0": 0.3501063673408463,
      "R1": 0.43825942110807214,
      "R2": 0.09181710577554078,
      "R3": 0.11981710577554078
    },
    "top_regime": "R1"
  },
  "student_t_filter": {
    "probability": {
      "R0": 0.9814580672499009,
      "R1": 0.008346553709162707,
      "R2": 0.010192748147623172,
      "R3": 2.630893313211014e-06
    },
    "diagnostics": {
      "method": "Student-t observation filter + Markov transition smoothing",
      "available_feature_count": 13,
      "required_min_rows": 80,
      "used": true,
      "warnings": [
        "State R2 has only 5 pseudo-labeled rows; using global robust scale."
      ],
      "usable_rows": 1270,
      "available_features": [
        "us10y_20d_change_bp",
        "us30y_20d_change_bp",
        "curve_10y2y",
        "curve_30y10y",
        "dxy_20d_return",
        "spy_20d_return",
        "qqq_20d_return",
        "iwm_spy_20d_relative",
        "eem_spy_20d_relative",
        "tlt_20d_return",
        "hyg_20d_return",
        "hy_oas_20d_change_bp",
        "ig_oas_20d_change_bp"
      ],
      "pseudo_label_counts": {
        "R0": 380,
        "R1": 731,
        "R2": 5,
        "R3": 154
      },
      "latest_log_likelihood": {
        "R0": -32.30006174437106,
        "R1": -36.28297579101836,
        "R2": -34.6790951483877,
        "R3": -43.77066452409673
      },
      "top_regime": "R0"
    }
  },
  "change_point": {
    "method": "robust trailing-window abnormality score",
    "used": true,
    "risk_score": 0.12038553569086048,
    "risk_level": "low",
    "distance": 1.2870575482222648,
    "warnings": [],
    "stress_vote_count": 0,
    "stress_vote_total": 8,
    "available_features": [
      "us10y_20d_change_bp",
      "us30y_20d_change_bp",
      "curve_10y2y",
      "curve_30y10y",
      "dxy_20d_return",
      "spy_20d_return",
      "qqq_20d_return",
      "iwm_spy_20d_relative",
      "eem_spy_20d_relative",
      "tlt_20d_return",
      "hyg_20d_return",
      "hy_oas_20d_change_bp",
      "ig_oas_20d_change_bp"
    ]
  },
  "ensemble": {
    "probability": {
      "R0": 0.5403343009370426,
      "R1": 0.2983761489563744,
      "R2": 0.07060235273017325,
      "R3": 0.09068719737640983
    },
    "top_regime": "R0",