{
  "fetch_time_utc": "2026-06-23T01:28:07.151465+00:00",
  "previous_regime": "R0",
  "features": {
    "us2y_level": 4.19,
    "us10y_level": 4.46,
    "us30y_level": 4.9,
    "us10y_5d_change_bp": 0.9999999999999787,
    "us10y_20d_change_bp": -11.000000000000032,
    "us10y_60d_change_bp": 12.99999999999999,
    "us30y_5d_change_bp": -4.999999999999982,
    "us30y_20d_change_bp": -20.999999999999996,
    "us30y_60d_change_bp": 1.0000000000000675,
    "curve_10y2y": 0.2699999999999996,
    "curve_30y10y": 0.4400000000000004,
    "hy_oas_level": 2.66,
    "hy_oas_5d_change_bp": -4.999999999999982,
    "hy_oas_20d_change_bp": -8.000000000000007,
    "hy_oas_60d_change_bp": -79.99999999999999,
    "ig_oas_level": 0.74,
    "ig_oas_5d_change_bp": 0.0,
    "ig_oas_20d_change_bp": 0.0,
    "ig_oas_60d_change_bp": -19.000000000000007,
    "dxy_latest": 101.0510025024414,
    "dxy_5d_return": 1.3042631603422672,
    "dxy_20d_return": 1.876197212652042,
    "dxy_60d_return": 1.456831376054013,
    "spy_latest": 744.3900146484375,
    "spy_5d_return": 0.614456634617011,
    "spy_20d_return": 0.48305843358431577,
    "spy_60d_return": 13.624397061736303,
    "qqq_latest": 737.9500122070312,
    "qqq_5d_return": 2.3026568238518896,
    "qqq_20d_return": 3.2805701979031987,
    "qqq_60d_return": 25.540131845156246,
    "iwm_latest": 298.17999267578125,
    "iwm_5d_return": 2.027334928051805,
    "iwm_20d_return": 5.805198690890023,
    "iwm_60d_return": 18.691557394220148,
    "tlt_latest": 86.08999633789062,
    "tlt_5d_return": 0.3730904830927084,
    "tlt_20d_return": 2.6224408706219116,
    "tlt_60d_return": 0.2929242662294662,
    "uup_latest": 28.360000610351562,
    "uup_5d_return": 1.4669046018623177,
    "uup_20d_return": 2.271911570556151,
    "uup_60d_return": 2.3826708636598415,
    "eem_latest": 71.20999908447266,
    "eem_5d_return": 5.450991118566262,
    "eem_20d_return": 8.405467081505403,
    "eem_60d_return": 24.660632486990863,
    "hyg_latest": 79.94000244140625,
    "hyg_5d_return": 0.0,
    "hyg_20d_return": 0.562196051392605,
    "hyg_60d_return": 2.193365655548951,
    "lqd_latest": 108.77999877929688,
    "lqd_5d_return": -0.21099289278625477,
    "lqd_20d_return": 0.9451439571553477,
    "lqd_60d_return": 1.233128950222273,
    "iwm_spy_20d_relative": 5.3221402573057075,
    "eem_spy_20d_relative": 7.922408647921087,
    "qqq_spy_20d_relative": 2.797511764318883,
    "sovereign_spread_change_bp": null
  },
  "metadata": {
    "items": {
      "us2y": {
        "group": "fred",
        "source": "FRED:DGS2",
        "latest_date": "2026-06-18",
        "freshness": "Acceptable",
        "error": null
      },
      "us10y": {
        "group": "fred",
        "source": "FRED:DGS10",
        "latest_date": "2026-06-18",
        "freshness": "Acceptable",
        "error": null
      },
      "us30y": {
        "group": "fred",
        "source": "FRED:DGS30",
        "latest_date": "2026-06-18",
        "freshness": "Acceptable",
        "error": null
      },
      "hy_oas": {
        "group": "fred",
        "source": "FRED:BAMLH0A0HYM2",
        "latest_date": "2026-06-19",
        "freshness": "Acceptable",
        "error": null
      },
      "ig_oas": {
        "group": "fred",
        "source": "FRED:BAMLC0A0CM",
        "latest_date": "2026-06-19",
        "freshness": "Acceptable",
        "error": null
      },
      "dxy": {
        "group": "yahoo",
        "source": "Yahoo:DX-Y.NYB",
        "latest_date": "2026-06-22",
        "freshness": "Fresh",
        "error": null
      },
      "spy": {
        "group": "yahoo",
        "source": "Yahoo:SPY",
        "latest_date": "2026-06-22",
        "freshness": "Fresh",
        "error": null
      },
      "qqq": {
        "group": "yahoo",
        "source": "Yahoo:QQQ",
        "latest_date": "2026-06-22",
        "freshness": "Fresh",
        "error": null
      },
      "iwm": {
        "group": "yahoo",
        "source": "Yahoo:IWM",
        "latest_date": "2026-06-22",
        "freshness": "Fresh",
        "error": null
      },
      "tlt": {
        "group": "yahoo",
        "source": "Yahoo:TLT",
        "latest_date": "2026-06-22",
        "freshness": "Fresh",
        "error": null
      },
      "uup": {
        "group": "yahoo",
        "source": "Yahoo:UUP",
        "latest_date": "2026-06-22",
        "freshness": "Fresh",
        "error": null
      },
      "eem": {
        "group": "yahoo",
        "source": "Yahoo:EEM",
        "latest_date": "2026-06-22",
        "freshness": "Fresh",
        "error": null
      },
      "hyg": {
        "group": "yahoo",
        "source": "Yahoo:HYG",
        "latest_date": "2026-06-22",
        "freshness": "Fresh",
        "error": null
      },
      "lqd": {
        "group": "yahoo",
        "source": "Yahoo:LQD",
        "latest_date": "2026-06-22",
        "freshness": "Fresh",
        "error": null
      }
    },
    "missing": [],
    "stale": [],
    "latest_market_date": "2026-06-22",
    "overall_freshness": "Fresh"
  },
  "rule_classification": {
    "scores": {
      "R0": 2,
      "R1": 2,
      "R2": 0,
      "R3": 0
    },
    "evidence": {
      "R0": [
        "10Y yield is high but not accelerating",
        "equity resilience with stable credit"
      ],
      "R1": [
        "DXY strengthened over 20D",
        "credit spread pressure is not yet disorderly"
      ],
      "R2": [],
      "R3": []
    },
    "signal_probability": {
      "R0": 0.4160091925669623,
      "R1": 0.4160091925669623,
      "R2": 0.08399080743303776,
      "R3": 0.08399080743303776
    },
    "markov_prior": {
      "R0": 0.55,
      "R1": 0.25,
      "R2": 0.06,
      "R3": 0.14
    },
    "posterior_probability": {
      "R0": 0.4629059751685255,
      "R1": 0.3579059751685255,
      "R2": 0.07559402483147454,
      "R3": 0.10359402483147455
    },
    "top_regime": "R0"
  },
  "student_t_filter": {
    "probability": {
      "R0": 0.9911516483457942,
      "R1": 0.0025873915374866074,
      "R2": 0.0062152738958729595,
      "R3": 4.5686220846282494e-05
    },
    "diagnostics": {
      "method": "Student-t observation filter + Markov transition smoothing",
      "available_feature_count": 13,
      "required_min_rows": 80,
      "used": true,
      "warnings": [
        "State R2 has only 5 pseudo-labeled rows; using global robust scale."
      ],
      "usable_rows": 1270,
      "available_features": [
        "us10y_20d_change_bp",
        "us30y_20d_change_bp",
        "curve_10y2y",
        "curve_30y10y",
        "dxy_20d_return",
        "spy_20d_return",
        "qqq_20d_return",
        "iwm_spy_20d_relative",
        "eem_spy_20d_relative",
        "tlt_20d_return",
        "hyg_20d_return",
        "hy_oas_20d_change_bp",
        "ig_oas_20d_change_bp"
      ],
      "pseudo_label_counts": {
        "R0": 380,
        "R1": 731,
        "R2": 5,
        "R3": 154
      },
      "latest_log_likelihood": {
        "R0": -33.53262553170238,
        "R1": -38.697774585746025,
        "R2": -36.42768341867127,
        "R3": -42.162946240283404
      },
      "top_regime": "R0"
    }
  },
  "change_point": {
    "method": "robust trailing-window abnormality score",
    "used": true,
    "risk_score": 0.14666850373081705,
    "risk_level": "low",
    "distance": 1.4485018819724247,
    "warnings": [],
    "stress_vote_count": 0,
    "stress_vote_total": 8,
    "available_features": [
      "us10y_20d_change_bp",
      "us30y_20d_change_bp",
      "curve_10y2y",
      "curve_30y10y",
      "dxy_20d_return",
      "spy_20d_return",
      "qqq_20d_return",
      "iwm_spy_20d_relative",
      "eem_spy_20d_relative",
      "tlt_20d_return",
      "hyg_20d_return",
      "hy_oas_20d_change_bp",
      "ig_oas_20d_change_bp"
    ]
  },
  "ensemble": {
    "probability": {
      "R0": 0.6104490465376988,
      "R1": 0.24819978602878393,
      "R2": 0.06064773170568684,
      "R3": 0.08070343572783044
    },
    "top_regime": "R0",