{
  "fetch_time_utc": "2026-07-18T00:14:24.221071+00:00",
  "previous_regime": "R2",
  "features": {
    "us2y_level": 4.16,
    "us10y_level": 4.57,
    "us30y_level": 5.09,
    "us10y_5d_change_bp": 3.000000000000025,
    "us10y_20d_change_bp": 14.000000000000057,
    "us10y_60d_change_bp": 31.00000000000005,
    "us30y_5d_change_bp": 4.0000000000000036,
    "us30y_20d_change_bp": 16.000000000000014,
    "us30y_60d_change_bp": 20.999999999999996,
    "curve_10y2y": 0.41000000000000014,
    "curve_30y10y": 0.5199999999999996,
    "hy_oas_level": 2.71,
    "hy_oas_5d_change_bp": 0.9999999999999787,
    "hy_oas_20d_change_bp": 4.999999999999982,
    "hy_oas_60d_change_bp": -14.999999999999991,
    "ig_oas_level": 0.78,
    "ig_oas_5d_change_bp": 2.0000000000000018,
    "ig_oas_20d_change_bp": 4.0000000000000036,
    "ig_oas_60d_change_bp": -2.0000000000000018,
    "dxy_latest": 100.75499725341797,
    "dxy_5d_return": -0.21293846160821417,
    "dxy_20d_return": 0.6644029771790461,
    "dxy_60d_return": 2.3828813169849417,
    "spy_latest": 743.2899780273438,
    "spy_5d_return": -1.544477646354414,
    "spy_20d_return": 0.5728858950436733,
    "spy_60d_return": 5.840932626050477,
    "qqq_latest": 695.3300170898438,
    "qqq_5d_return": -4.159831328244645,
    "qqq_20d_return": -3.6561208916083388,
    "qqq_60d_return": 8.03379650518714,
    "iwm_latest": 294.0400085449219,
    "iwm_5d_return": -0.6587998762759062,
    "iwm_20d_return": 1.4350778225600935,
    "iwm_60d_return": 7.369215998031597,
    "tlt_latest": 84.5199966430664,
    "tlt_5d_return": 0.05918719266104766,
    "tlt_20d_return": -1.7350302812474516,
    "tlt_60d_return": -1.258736185124587,
    "uup_latest": 28.329999923706055,
    "uup_5d_return": -0.21134014523529476,
    "uup_20d_return": 0.5322910465076269,
    "uup_60d_return": 3.1306903234376016,
    "eem_latest": 63.290000915527344,
    "eem_5d_return": -5.396114391649309,
    "eem_20d_return": -7.686693160341029,
    "eem_60d_return": 2.199144848526391,
    "hyg_latest": 79.6500015258789,
    "hyg_5d_return": -0.07526980213632406,
    "hyg_20d_return": 0.362751896218394,
    "hyg_60d_return": 0.5975890231018521,
    "lqd_latest": 107.55999755859375,
    "lqd_5d_return": 0.0930564628448316,
    "lqd_20d_return": -0.764888852286616,
    "lqd_60d_return": -0.7646164342803408,
    "iwm_spy_20d_relative": 0.8621919275164203,
    "eem_spy_20d_relative": -8.259579055384702,
    "qqq_spy_20d_relative": -4.229006786652012,
    "sovereign_spread_change_bp": null
  },
  "metadata": {
    "items": {
      "us2y": {
        "group": "fred",
        "source": "FRED:DGS2",
        "latest_date": "2026-07-16",
        "freshness": "Fresh",
        "error": null
      },
      "us10y": {
        "group": "fred",
        "source": "FRED:DGS10",
        "latest_date": "2026-07-16",
        "freshness": "Fresh",
        "error": null
      },
      "us30y": {
        "group": "fred",
        "source": "FRED:DGS30",
        "latest_date": "2026-07-16",
        "freshness": "Fresh",
        "error": null
      },
      "hy_oas": {
        "group": "fred",
        "source": "FRED:BAMLH0A0HYM2",
        "latest_date": "2026-07-16",
        "freshness": "Fresh",
        "error": null
      },
      "ig_oas": {
        "group": "fred",
        "source": "FRED:BAMLC0A0CM",
        "latest_date": "2026-07-16",
        "freshness": "Fresh",
        "error": null
      },
      "dxy": {
        "group": "yahoo",
        "source": "Yahoo:DX-Y.NYB",
        "latest_date": "2026-07-17",
        "freshness": "Fresh",
        "error": null
      },
      "spy": {
        "group": "yahoo",
        "source": "Yahoo:SPY",
        "latest_date": "2026-07-17",
        "freshness": "Fresh",
        "error": null
      },
      "qqq": {
        "group": "yahoo",
        "source": "Yahoo:QQQ",
        "latest_date": "2026-07-17",
        "freshness": "Fresh",
        "error": null
      },
      "iwm": {
        "group": "yahoo",
        "source": "Yahoo:IWM",
        "latest_date": "2026-07-17",
        "freshness": "Fresh",
        "error": null
      },
      "tlt": {
        "group": "yahoo",
        "source": "Yahoo:TLT",
        "latest_date": "2026-07-17",
        "freshness": "Fresh",
        "error": null
      },
      "uup": {
        "group": "yahoo",
        "source": "Yahoo:UUP",
        "latest_date": "2026-07-17",
        "freshness": "Fresh",
        "error": null
      },
      "eem": {
        "group": "yahoo",
        "source": "Yahoo:EEM",
        "latest_date": "2026-07-17",
        "freshness": "Fresh",
        "error": null
      },
      "hyg": {
        "group": "yahoo",
        "source": "Yahoo:HYG",
        "latest_date": "2026-07-17",
        "freshness": "Fresh",
        "error": null
      },
      "lqd": {
        "group": "yahoo",
        "source": "Yahoo:LQD",
        "latest_date": "2026-07-17",
        "freshness": "Fresh",
        "error": null
      }
    },
    "missing": [],
    "stale": [],
    "latest_market_date": "2026-07-17",
    "overall_freshness": "Fresh"
  },
  "rule_classification": {
    "scores": {
      "R0": 3,
      "R1": 2,
      "R2": 0,
      "R3": 0
    },
    "evidence": {
      "R0": [
        "10Y yield is high but not accelerating",
        "equity resilience with stable credit",
        "DXY is stable"
      ],
      "R1": [
        "EEM underperformed SPY over 20D",
        "credit spread pressure is not yet disorderly"
      ],
      "R2": [],
      "R3": []
    },
    "signal_probability": {
      "R0": 0.6132091866641559,
      "R1": 0.2755326486309692,
      "R2": 0.055629082352437534,
      "R3": 0.055629082352437534
    },
    "markov_prior": {
      "R0": 0.1,
      "R1": 0.18,
      "R2": 0.38,
      "R3": 0.34
    },
    "posterior_probability": {
      "R0": 0.43358597133170135,
      "R1": 0.24209622161013,
      "R2": 0.1691589035290844,
      "R3": 0.1551589035290844
    },
    "top_regime": "R0"
  },
  "student_t_filter": {
    "probability": {
      "R0": 0.04900378399964039,
      "R1": 0.00453777930518785,
      "R2": 0.9464571726116164,
      "R3": 1.2640835553130598e-06
    },
    "diagnostics": {
      "method": "Student-t observation filter + Markov transition smoothing",
      "available_feature_count": 13,
      "required_min_rows": 80,
      "used": true,
      "warnings": [
        "State R2 has only 5 pseudo-labeled rows; using global robust scale."
      ],
      "usable_rows": 1271,
      "available_features": [
        "us10y_20d_change_bp",
        "us30y_20d_change_bp",
        "curve_10y2y",
        "curve_30y10y",
        "dxy_20d_return",
        "spy_20d_return",
        "qqq_20d_return",
        "iwm_spy_20d_relative",
        "eem_spy_20d_relative",
        "tlt_20d_return",
        "hyg_20d_return",
        "hy_oas_20d_change_bp",
        "ig_oas_20d_change_bp"
      ],
      "pseudo_label_counts": {
        "R0": 379,
        "R1": 734,
        "R2": 5,
        "R3": 153
      },
      "latest_log_likelihood": {
        "R0": -36.412474006697195,
        "R1": -39.26608051088161,
        "R2": -34.6237850926664,
        "R3": -48.046012744759146
      },
      "top_regime": "R2"
    }
  },
  "change_point": {
    "method": "robust trailing-window abnormality score",
    "used": true,
    "risk_score": 0.11633590609975175,
    "risk_level": "low",
    "distance": 0.9020372123660596,
    "warnings": [],
    "stress_vote_count": 1,
    "stress_vote_total": 8,
    "available_features": [
      "us10y_20d_change_bp",
      "us30y_20d_change_bp",
      "curve_10y2y",
      "curve_30y10y",
      "dxy_20d_return",
      "spy_20d_return",
      "qqq_20d_return",
      "iwm_spy_20d_relative",
      "eem_spy_20d_relative",
      "tlt_20d_return",
      "hyg_20d_return",
      "hy_oas_20d_change_bp",
      "ig_oas_20d_change_bp"
    ]
  },
  "ensemble": {
    "probability": {
      "R0": 0.31075867168911736,
      "R1": 0.17957204360273657,
      "R2": 0.3977369224266263,