{
  "fetch_time_utc": "2026-06-27T01:26:59.678571+00:00",
  "previous_regime": "R1",
  "features": {
    "us2y_level": 4.09,
    "us10y_level": 4.4,
    "us30y_level": 4.86,
    "us10y_5d_change_bp": -8.999999999999986,
    "us10y_20d_change_bp": -8.000000000000007,
    "us10y_60d_change_bp": 10.000000000000053,
    "us30y_5d_change_bp": -6.99999999999994,
    "us30y_20d_change_bp": -14.999999999999947,
    "us30y_60d_change_bp": -1.9999999999999574,
    "curve_10y2y": 0.3100000000000005,
    "curve_30y10y": 0.45999999999999996,
    "hy_oas_level": 2.78,
    "hy_oas_5d_change_bp": 11.999999999999966,
    "hy_oas_20d_change_bp": 5.999999999999961,
    "hy_oas_60d_change_bp": -35.00000000000001,
    "ig_oas_level": 0.76,
    "ig_oas_5d_change_bp": 2.0000000000000018,
    "ig_oas_20d_change_bp": 3.0000000000000027,
    "ig_oas_60d_change_bp": -9.999999999999998,
    "dxy_latest": 101.36599731445312,
    "dxy_5d_return": 0.511649824629834,
    "dxy_20d_return": 2.3692190980810324,
    "dxy_60d_return": 1.406560867204809,
    "spy_latest": 728.989990234375,
    "spy_5d_return": -2.376998718714518,
    "spy_20d_return": -3.1449697877736327,
    "spy_60d_return": 12.382450878079943,
    "qqq_latest": 706.52001953125,
    "qqq_5d_return": -4.4994149821656615,
    "qqq_20d_return": -3.847679676779492,
    "qqq_60d_return": 22.543482329706023,
    "iwm_latest": 299.8299865722656,
    "iwm_5d_return": 1.4344160109966086,
    "iwm_20d_return": 2.915109426591034,
    "iwm_60d_return": 21.18669557847117,
    "tlt_latest": 87.36000061035156,
    "tlt_5d_return": 0.7031707323937431,
    "tlt_20d_return": 2.2902009927923572,
    "tlt_60d_return": 1.9485474772643618,
    "uup_latest": 28.459999084472656,
    "uup_5d_return": 0.5653705007969689,
    "uup_20d_return": 2.74367617545348,
    "uup_60d_return": 2.447798347802199,
    "eem_latest": 67.19000244140625,
    "eem_5d_return": -5.08546182732349,
    "eem_20d_return": -1.5606478128675771,
    "eem_60d_return": 18.928050695947075,
    "hyg_latest": 79.83000183105469,
    "hyg_5d_return": -0.22497225393057763,
    "hyg_20d_return": 0.010762398359376313,
    "hyg_60d_return": 1.8731615864498785,
    "lqd_latest": 109.5,
    "lqd_5d_return": 0.39424251066189075,
    "lqd_20d_return": 0.5995719866285665,
    "lqd_60d_return": 1.6600992873571307,
    "iwm_spy_20d_relative": 6.0600792143646665,
    "eem_spy_20d_relative": 1.5843219749060555,
    "qqq_spy_20d_relative": -0.7027098890058592,
    "sovereign_spread_change_bp": null
  },
  "metadata": {
    "items": {
      "us2y": {
        "group": "fred",
        "source": "FRED:DGS2",
        "latest_date": "2026-06-25",
        "freshness": "Fresh",
        "error": null
      },
      "us10y": {
        "group": "fred",
        "source": "FRED:DGS10",
        "latest_date": "2026-06-25",
        "freshness": "Fresh",
        "error": null
      },
      "us30y": {
        "group": "fred",
        "source": "FRED:DGS30",
        "latest_date": "2026-06-25",
        "freshness": "Fresh",
        "error": null
      },
      "hy_oas": {
        "group": "fred",
        "source": "FRED:BAMLH0A0HYM2",
        "latest_date": "2026-06-25",
        "freshness": "Fresh",
        "error": null
      },
      "ig_oas": {
        "group": "fred",
        "source": "FRED:BAMLC0A0CM",
        "latest_date": "2026-06-25",
        "freshness": "Fresh",
        "error": null
      },
      "dxy": {
        "group": "yahoo",
        "source": "Yahoo:DX-Y.NYB",
        "latest_date": "2026-06-26",
        "freshness": "Fresh",
        "error": null
      },
      "spy": {
        "group": "yahoo",
        "source": "Yahoo:SPY",
        "latest_date": "2026-06-26",
        "freshness": "Fresh",
        "error": null
      },
      "qqq": {
        "group": "yahoo",
        "source": "Yahoo:QQQ",
        "latest_date": "2026-06-26",
        "freshness": "Fresh",
        "error": null
      },
      "iwm": {
        "group": "yahoo",
        "source": "Yahoo:IWM",
        "latest_date": "2026-06-26",
        "freshness": "Fresh",
        "error": null
      },
      "tlt": {
        "group": "yahoo",
        "source": "Yahoo:TLT",
        "latest_date": "2026-06-26",
        "freshness": "Fresh",
        "error": null
      },
      "uup": {
        "group": "yahoo",
        "source": "Yahoo:UUP",
        "latest_date": "2026-06-26",
        "freshness": "Fresh",
        "error": null
      },
      "eem": {
        "group": "yahoo",
        "source": "Yahoo:EEM",
        "latest_date": "2026-06-26",
        "freshness": "Fresh",
        "error": null
      },
      "hyg": {
        "group": "yahoo",
        "source": "Yahoo:HYG",
        "latest_date": "2026-06-26",
        "freshness": "Fresh",
        "error": null
      },
      "lqd": {
        "group": "yahoo",
        "source": "Yahoo:LQD",
        "latest_date": "2026-06-26",
        "freshness": "Fresh",
        "error": null
      }
    },
    "missing": [],
    "stale": [],
    "latest_market_date": "2026-06-26",
    "overall_freshness": "Fresh"
  },
  "rule_classification": {
    "scores": {
      "R0": 1,
      "R1": 2,
      "R2": 0,
      "R3": 0
    },
    "evidence": {
      "R0": [
        "10Y yield is high but not accelerating"
      ],
      "R1": [
        "DXY strengthened over 20D",
        "credit spread pressure is not yet disorderly"
      ],
      "R2": [],
      "R3": []
    },
    "signal_probability": {
      "R0": 0.2424713343705328,
      "R1": 0.5396298786278032,
      "R2": 0.10894939350083196,
      "R3": 0.10894939350083196
    },
    "markov_prior": {
      "R0": 0.25,
      "R1": 0.43,
      "R2": 0.18,
      "R3": 0.14
    },
    "posterior_probability": {
      "R0": 0.24510636734084632,
      "R1": 0.5012594211080721,
      "R2": 0.1338171057755408,
      "R3": 0.11981710577554078
    },
    "top_regime": "R1"
  },
  "student_t_filter": {
    "probability": {
      "R0": 0.013649980448963654,
      "R1": 0.2618177837687011,
      "R2": 0.7245272575222541,
      "R3": 4.978260081126296e-06
    },
    "diagnostics": {
      "method": "Student-t observation filter + Markov transition smoothing",
      "available_feature_count": 13,
      "required_min_rows": 80,
      "used": true,
      "warnings": [
        "State R2 has only 5 pseudo-labeled rows; using global robust scale."
      ],
      "usable_rows": 1271,
      "available_features": [
        "us10y_20d_change_bp",
        "us30y_20d_change_bp",
        "curve_10y2y",
        "curve_30y10y",
        "dxy_20d_return",
        "spy_20d_return",
        "qqq_20d_return",
        "iwm_spy_20d_relative",
        "eem_spy_20d_relative",
        "tlt_20d_return",
        "hyg_20d_return",
        "hy_oas_20d_change_bp",
        "ig_oas_20d_change_bp"
      ],
      "pseudo_label_counts": {
        "R0": 380,
        "R1": 732,
        "R2": 5,
        "R3": 154
      },
      "latest_log_likelihood": {
        "R0": -39.81531098917697,
        "R1": -37.1223848346754,
        "R2": -36.27005744900905,
        "R3": -48.068243439365936
      },
      "top_regime": "R2"
    }
  },
  "change_point": {
    "method": "robust trailing-window abnormality score",
    "used": true,
    "risk_score": 0.1248531344980868,
    "risk_level": "low",
    "distance": 1.3162491009052661,
    "warnings": [],
    "stress_vote_count": 0,
    "stress_vote_total": 8,
    "available_features": [
      "us10y_20d_change_bp",
      "us30y_20d_change_bp",
      "curve_10y2y",
      "curve_30y10y",
      "dxy_20d_return",
      "spy_20d_return",
      "qqq_20d_return",
      "iwm_spy_20d_relative",
      "eem_spy_20d_relative",
      "tlt_20d_return",
      "hyg_20d_return",
      "hy_oas_20d_change_bp",
      "ig_oas_20d_change_bp"
    ]
  },
  "ensemble": {
    "probability": {
      "R0": 0.18691145811823132,
      "R1": 0.41217730958497084,
      "R2": 0.31026800669842997,
      "R3": 0.09064322559836795
    },
    "top_regime": "R1",
    "weights": {
      "rule": 0.6,