{
  "fetch_time_utc": "2026-07-14T00:12:35.155083+00:00",
  "previous_regime": "R0",
  "features": {
    "us2y_level": 4.21,
    "us10y_level": 4.56,
    "us30y_level": 5.06,
    "us10y_5d_change_bp": 6.99999999999994,
    "us10y_20d_change_bp": 0.9999999999999787,
    "us10y_60d_change_bp": 29.999999999999982,
    "us30y_5d_change_bp": 7.999999999999918,
    "us30y_20d_change_bp": 2.999999999999936,
    "us30y_60d_change_bp": 18.99999999999995,
    "curve_10y2y": 0.34999999999999964,
    "curve_30y10y": 0.5,
    "hy_oas_level": 2.69,
    "hy_oas_5d_change_bp": -5.000000000000027,
    "hy_oas_20d_change_bp": -2.0000000000000018,
    "hy_oas_60d_change_bp": -18.000000000000014,
    "ig_oas_level": 0.77,
    "ig_oas_5d_change_bp": 2.0000000000000018,
    "ig_oas_20d_change_bp": 3.0000000000000027,
    "ig_oas_60d_change_bp": -4.0000000000000036,
    "dxy_latest": 101.27799987792969,
    "dxy_5d_return": 0.4243940607677965,
    "dxy_20d_return": 1.4199872410486813,
    "dxy_60d_return": 3.2816667340962224,
    "spy_latest": 749.1699829101562,
    "spy_5d_return": -0.28086017256355733,
    "spy_20d_return": 1.8081765701204233,
    "spy_60d_return": 7.309201703847301,
    "qqq_latest": 711.739990234375,
    "qqq_5d_return": -1.5328874377537605,
    "qqq_20d_return": -0.6411508268807542,
    "qqq_60d_return": 11.78571312167971,
    "iwm_latest": 293.4800109863281,
    "iwm_5d_return": -1.813309809579089,
    "iwm_20d_return": 1.2974560276431069,
    "iwm_60d_return": 9.20149254578757,
    "tlt_latest": 83.97000122070312,
    "tlt_5d_return": -1.732002083552453,
    "tlt_20d_return": -1.9770572087784766,
    "tlt_60d_return": -2.195017134797417,
    "uup_latest": 28.5,
    "uup_5d_return": 0.6355943047862356,
    "uup_20d_return": 1.9677968588459605,
    "uup_60d_return": 4.433855052691471,
    "eem_latest": 64.5,
    "eem_5d_return": -4.543436005164548,
    "eem_20d_return": -3.9477659260333087,
    "eem_60d_return": 4.23674333168691,
    "hyg_latest": 79.5199966430664,
    "hyg_5d_return": -0.4382197213967154,
    "hyg_20d_return": -0.06427890601981012,
    "hyg_60d_return": 0.32105525112928746,
    "lqd_latest": 106.95999908447266,
    "lqd_5d_return": -1.5735705468718053,
    "lqd_20d_return": -1.5988969107042283,
    "lqd_60d_return": -1.614393034311934,
    "iwm_spy_20d_relative": -0.5107205424773165,
    "eem_spy_20d_relative": -5.755942496153732,
    "qqq_spy_20d_relative": -2.4493273970011775,
    "sovereign_spread_change_bp": null
  },
  "metadata": {
    "items": {
      "us2y": {
        "group": "fred",
        "source": "FRED:DGS2",
        "latest_date": "2026-07-10",
        "freshness": "Acceptable",
        "error": null
      },
      "us10y": {
        "group": "fred",
        "source": "FRED:DGS10",
        "latest_date": "2026-07-10",
        "freshness": "Acceptable",
        "error": null
      },
      "us30y": {
        "group": "fred",
        "source": "FRED:DGS30",
        "latest_date": "2026-07-10",
        "freshness": "Acceptable",
        "error": null
      },
      "hy_oas": {
        "group": "fred",
        "source": "FRED:BAMLH0A0HYM2",
        "latest_date": "2026-07-10",
        "freshness": "Acceptable",
        "error": null
      },
      "ig_oas": {
        "group": "fred",
        "source": "FRED:BAMLC0A0CM",
        "latest_date": "2026-07-10",
        "freshness": "Acceptable",
        "error": null
      },
      "dxy": {
        "group": "yahoo",
        "source": "Yahoo:DX-Y.NYB",
        "latest_date": "2026-07-13",
        "freshness": "Fresh",
        "error": null
      },
      "spy": {
        "group": "yahoo",
        "source": "Yahoo:SPY",
        "latest_date": "2026-07-13",
        "freshness": "Fresh",
        "error": null
      },
      "qqq": {
        "group": "yahoo",
        "source": "Yahoo:QQQ",
        "latest_date": "2026-07-13",
        "freshness": "Fresh",
        "error": null
      },
      "iwm": {
        "group": "yahoo",
        "source": "Yahoo:IWM",
        "latest_date": "2026-07-13",
        "freshness": "Fresh",
        "error": null
      },
      "tlt": {
        "group": "yahoo",
        "source": "Yahoo:TLT",
        "latest_date": "2026-07-13",
        "freshness": "Fresh",
        "error": null
      },
      "uup": {
        "group": "yahoo",
        "source": "Yahoo:UUP",
        "latest_date": "2026-07-13",
        "freshness": "Fresh",
        "error": null
      },
      "eem": {
        "group": "yahoo",
        "source": "Yahoo:EEM",
        "latest_date": "2026-07-13",
        "freshness": "Fresh",
        "error": null
      },
      "hyg": {
        "group": "yahoo",
        "source": "Yahoo:HYG",
        "latest_date": "2026-07-13",
        "freshness": "Fresh",
        "error": null
      },
      "lqd": {
        "group": "yahoo",
        "source": "Yahoo:LQD",
        "latest_date": "2026-07-13",
        "freshness": "Fresh",
        "error": null
      }
    },
    "missing": [],
    "stale": [],
    "latest_market_date": "2026-07-13",
    "overall_freshness": "Fresh"
  },
  "rule_classification": {
    "scores": {
      "R0": 2,
      "R1": 3,
      "R2": 0,
      "R3": 0
    },
    "evidence": {
      "R0": [
        "10Y yield is high but not accelerating",
        "equity resilience with stable credit"
      ],
      "R1": [
        "DXY strengthened over 20D",
        "EEM underperformed SPY over 20D",
        "credit spread pressure is not yet disorderly"
      ],
      "R2": [],
      "R3": []
    },
    "signal_probability": {
      "R0": 0.2755326486309692,
      "R1": 0.6132091866641559,
      "R2": 0.055629082352437534,
      "R3": 0.055629082352437534
    },
    "markov_prior": {
      "R0": 0.55,
      "R1": 0.25,
      "R2": 0.06,
      "R3": 0.14
    },
    "posterior_probability": {
      "R0": 0.37159622161013,
      "R1": 0.4860859713317014,
      "R2": 0.0571589035290844,
      "R3": 0.0851589035290844
    },
    "top_regime": "R1"
  },
  "student_t_filter": {
    "probability": {
      "R0": 0.8242928783772121,
      "R1": 0.09612297144718066,
      "R2": 0.07958311414073423,
      "R3": 1.0360348731266563e-06
    },
    "diagnostics": {
      "method": "Student-t observation filter + Markov transition smoothing",
      "available_feature_count": 13,
      "required_min_rows": 80,
      "used": true,
      "warnings": [
        "State R2 has only 5 pseudo-labeled rows; using global robust scale."
      ],
      "usable_rows": 1270,
      "available_features": [
        "us10y_20d_change_bp",
        "us30y_20d_change_bp",
        "curve_10y2y",
        "curve_30y10y",
        "dxy_20d_return",
        "spy_20d_return",
        "qqq_20d_return",
        "iwm_spy_20d_relative",
        "eem_spy_20d_relative",
        "tlt_20d_return",
        "hyg_20d_return",
        "hy_oas_20d_change_bp",
        "ig_oas_20d_change_bp"
      ],
      "pseudo_label_counts": {
        "R0": 380,
        "R1": 732,
        "R2": 5,
        "R3": 153
      },
      "latest_log_likelihood": {
        "R0": -32.43462992583864,
        "R1": -33.79695417191719,
        "R2": -32.5724984079781,
        "R3": -44.65882890141084
      },
      "top_regime": "R0"
    }
  },
  "change_point": {
    "method": "robust trailing-window abnormality score",
    "used": true,
    "risk_score": 0.11594071892519044,
    "risk_level": "low",
    "distance": 0.8980439661361008,
    "warnings": [],
    "stress_vote_count": 1,
    "stress_vote_total": 8,
    "available_features": [
      "us10y_20d_change_bp",
      "us30y_20d_change_bp",
      "curve_10y2y",
      "curve_30y10y",
      "dxy_20d_return",
      "spy_20d_return",
      "qqq_20d_return",
      "iwm_spy_20d_relative",
      "eem_spy_20d_relative",
      "tlt_20d_return",
      "hyg_20d_return",
      "hy_oas_20d_change_bp",
      "ig_oas_20d_change_bp"
    ]
  },
  "ensemble": {
    "probability": {
      "R0": 0.5061586635385882,
      "R1": 0.35344500776284826,
      "R2": 0.07046008295990296,