{
  "fetch_time_utc": "2026-05-27T12:02:06.530038+00:00",
  "previous_regime": "R0",
  "features": {
    "us2y_level": 4.13,
    "us10y_level": 4.56,
    "us30y_level": 5.07,
    "us10y_5d_change_bp": -3.000000000000025,
    "us10y_20d_change_bp": 25.0,
    "us10y_60d_change_bp": 58.99999999999994,
    "us30y_5d_change_bp": -4.999999999999982,
    "us30y_20d_change_bp": 16.000000000000014,
    "us30y_60d_change_bp": 43.00000000000006,
    "curve_10y2y": 0.4299999999999997,
    "curve_30y10y": 0.5100000000000007,
    "hy_oas_level": 2.74,
    "hy_oas_5d_change_bp": -8.999999999999986,
    "hy_oas_20d_change_bp": -9.999999999999964,
    "hy_oas_60d_change_bp": -28.999999999999957,
    "ig_oas_level": 0.74,
    "ig_oas_5d_change_bp": -1.0000000000000009,
    "ig_oas_20d_change_bp": -7.000000000000006,
    "ig_oas_60d_change_bp": -10.999999999999998,
    "dxy_latest": 99.14099884033203,
    "dxy_5d_return": -0.16012508211394882,
    "dxy_20d_return": 0.528286432001801,
    "dxy_60d_return": 0.7735328401705432,
    "spy_latest": 750.5900268554688,
    "spy_5d_return": 1.6164627424033018,
    "spy_20d_return": 4.952674859364481,
    "spy_60d_return": 9.715872091275223,
    "qqq_latest": 730.280029296875,
    "qqq_5d_return": 3.4566816236866416,
    "qqq_20d_return": 9.943852396050112,
    "qqq_60d_return": 20.403904115289162,
    "iwm_latest": 290.510009765625,
    "iwm_5d_return": 5.268691698592898,
    "iwm_20d_return": 4.824274522085115,
    "iwm_60d_return": 11.329622826179886,
    "tlt_latest": 85.0999984741211,
    "tlt_5d_return": 1.8429882246555396,
    "tlt_20d_return": -1.0034270897179676,
    "tlt_60d_return": -5.262407344162845,
    "uup_latest": 27.75,
    "uup_5d_return": 0.18050265589681924,
    "uup_20d_return": 1.0928933651090489,
    "uup_60d_return": 2.4741509534031536,
    "eem_latest": 68.4000015258789,
    "eem_5d_return": 5.279360075004558,
    "eem_20d_return": 7.479576024327739,
    "eem_60d_return": 9.300095117504625,
    "hyg_latest": 80.18000030517578,
    "hyg_5d_return": 0.8046258263538775,
    "hyg_20d_return": 0.11196846059751131,
    "hyg_60d_return": 0.8279433594139851,
    "lqd_latest": 108.77999877929688,
    "lqd_5d_return": 1.0403075228407,
    "lqd_20d_return": -0.07650189278409769,
    "lqd_60d_return": -1.4752374339054408,
    "iwm_spy_20d_relative": -0.12840033727936628,
    "eem_spy_20d_relative": 2.526901164963258,
    "qqq_spy_20d_relative": 4.991177536685631,
    "sovereign_spread_change_bp": null
  },
  "metadata": {
    "items": {
      "us2y": {
        "group": "fred",
        "source": "FRED:DGS2",
        "latest_date": "2026-05-22",
        "freshness": "Acceptable",
        "error": null
      },
      "us10y": {
        "group": "fred",
        "source": "FRED:DGS10",
        "latest_date": "2026-05-22",
        "freshness": "Acceptable",
        "error": null
      },
      "us30y": {
        "group": "fred",
        "source": "FRED:DGS30",
        "latest_date": "2026-05-22",
        "freshness": "Acceptable",
        "error": null
      },
      "hy_oas": {
        "group": "fred",
        "source": "FRED:BAMLH0A0HYM2",
        "latest_date": "2026-05-25",
        "freshness": "Acceptable",
        "error": null
      },
      "ig_oas": {
        "group": "fred",
        "source": "FRED:BAMLC0A0CM",
        "latest_date": "2026-05-25",
        "freshness": "Acceptable",
        "error": null
      },
      "dxy": {
        "group": "yahoo",
        "source": "Yahoo:DX-Y.NYB",
        "latest_date": "2026-05-27",
        "freshness": "Fresh",
        "error": null
      },
      "spy": {
        "group": "yahoo",
        "source": "Yahoo:SPY",
        "latest_date": "2026-05-26",
        "freshness": "Fresh",
        "error": null
      },
      "qqq": {
        "group": "yahoo",
        "source": "Yahoo:QQQ",
        "latest_date": "2026-05-26",
        "freshness": "Fresh",
        "error": null
      },
      "iwm": {
        "group": "yahoo",
        "source": "Yahoo:IWM",
        "latest_date": "2026-05-26",
        "freshness": "Fresh",
        "error": null
      },
      "tlt": {
        "group": "yahoo",
        "source": "Yahoo:TLT",
        "latest_date": "2026-05-26",
        "freshness": "Fresh",
        "error": null
      },
      "uup": {
        "group": "yahoo",
        "source": "Yahoo:UUP",
        "latest_date": "2026-05-26",
        "freshness": "Fresh",
        "error": null
      },
      "eem": {
        "group": "yahoo",
        "source": "Yahoo:EEM",
        "latest_date": "2026-05-26",
        "freshness": "Fresh",
        "error": null
      },
      "hyg": {
        "group": "yahoo",
        "source": "Yahoo:HYG",
        "latest_date": "2026-05-26",
        "freshness": "Fresh",
        "error": null
      },
      "lqd": {
        "group": "yahoo",
        "source": "Yahoo:LQD",
        "latest_date": "2026-05-26",
        "freshness": "Fresh",
        "error": null
      }
    },
    "missing": [],
    "stale": [],
    "latest_market_date": "2026-05-27",
    "overall_freshness": "Fresh"
  },
  "rule_classification": {
    "scores": {
      "R0": 2,
      "R1": 2,
      "R2": 0,
      "R3": 1
    },
    "evidence": {
      "R0": [
        "equity resilience with stable credit",
        "DXY is stable"
      ],
      "R1": [
        "10Y yield rose meaningfully over 20D",
        "credit spread pressure is not yet disorderly"
      ],
      "R2": [],
      "R3": [
        "SPY and QQQ rallied over 20D"
      ]
    },
    "signal_probability": {
      "R0": 0.3771840632745555,
      "R1": 0.3771840632745555,
      "R2": 0.07615214901820852,
      "R3": 0.16947972443268056
    },
    "markov_prior": {
      "R0": 0.55,
      "R1": 0.25,
      "R2": 0.06,
      "R3": 0.14
    },
    "posterior_probability": {
      "R0": 0.4376696411284611,
      "R1": 0.3326696411284611,
      "R2": 0.07049889686183554,
      "R3": 0.15916182088124237
    },
    "top_regime": "R0"
  },
  "student_t_filter": {
    "probability": {
      "R0": 0.6983958966556509,
      "R1": 0.10206756334612951,
      "R2": 0.19935937957166516,
      "R3": 0.0001771604265544118
    },
    "diagnostics": {
      "method": "Student-t observation filter + Markov transition smoothing",
      "available_feature_count": 13,
      "required_min_rows": 80,
      "used": true,
      "warnings": [
        "State R2 has only 5 pseudo-labeled rows; using global robust scale."
      ],
      "usable_rows": 1271,
      "available_features": [
        "us10y_20d_change_bp",
        "us30y_20d_change_bp",
        "curve_10y2y",
        "curve_30y10y",
        "dxy_20d_return",
        "spy_20d_return",
        "qqq_20d_return",
        "iwm_spy_20d_relative",
        "eem_spy_20d_relative",
        "tlt_20d_return",
        "hyg_20d_return",
        "hy_oas_20d_change_bp",
        "ig_oas_20d_change_bp"
      ],
      "pseudo_label_counts": {
        "R0": 372,
        "R1": 736,
        "R2": 5,
        "R3": 158
      },
      "latest_log_likelihood": {
        "R0": -33.29367288897622,
        "R1": -34.814859776310016,
        "R2": -33.69248013996179,
        "R3": -40.88730982408971
      },
      "top_regime": "R0"
    }
  },
  "change_point": {
    "method": "robust trailing-window abnormality score",
    "used": true,
    "risk_score": 0.1121315567362239,
    "risk_level": "low",
    "distance": 1.2308382165434808,
    "warnings": [],
    "stress_vote_count": 0,
    "stress_vote_total": 8,
    "available_features": [
      "us10y_20d_change_bp",
      "us30y_20d_change_bp",
      "curve_10y2y",
      "curve_30y10y",
      "dxy_20d_return",
      "spy_20d_return",
      "qqq_20d_return",
      "iwm_spy_20d_relative",
      "eem_spy_20d_relative",
      "tlt_20d_return",
      "hyg_20d_return",
      "hy_oas_20d_change_bp",
      "ig_oas_20d_change_bp"
    ]
  },
  "ensemble": {
    "probability": {
      "R0": 0.5081021856525199,
      "R1": 0.2632128696702895,
      "R2": 0.11425601958784116,