{
  "fetch_time_utc": "2026-05-23T07:57:36.258802+00:00",
  "previous_regime": "R1",
  "features": {
    "us2y_level": 4.08,
    "us10y_level": 4.57,
    "us30y_level": 5.1,
    "us10y_5d_change_bp": 10.000000000000053,
    "us10y_20d_change_bp": 23.000000000000043,
    "us10y_60d_change_bp": 55.00000000000007,
    "us30y_5d_change_bp": 8.000000000000007,
    "us30y_20d_change_bp": 17.99999999999997,
    "us30y_60d_change_bp": 42.99999999999997,
    "curve_10y2y": 0.4900000000000002,
    "curve_30y10y": 0.5299999999999994,
    "hy_oas_level": 2.78,
    "hy_oas_5d_change_bp": 2.0000000000000018,
    "hy_oas_20d_change_bp": -8.000000000000007,
    "hy_oas_60d_change_bp": -32.00000000000003,
    "ig_oas_level": 0.75,
    "ig_oas_5d_change_bp": -1.0000000000000009,
    "ig_oas_20d_change_bp": -5.000000000000004,
    "ig_oas_60d_change_bp": -9.999999999999998,
    "dxy_latest": 99.31999969482422,
    "dxy_5d_return": 0.05037075999669849,
    "dxy_20d_return": 0.8222490519019576,
    "dxy_60d_return": 1.5645758921901676,
    "spy_latest": 745.6400146484375,
    "spy_5d_return": 0.8753104005669199,
    "spy_20d_return": 4.440150726759828,
    "spy_60d_return": 8.468939862903602,
    "qqq_latest": 717.5399780273438,
    "qqq_5d_return": 1.2145043150262325,
    "qqq_20d_return": 8.082781940992966,
    "qqq_60d_return": 17.924745952992495,
    "iwm_latest": 285.1199951171875,
    "iwm_5d_return": 2.7089297004077473,
    "iwm_20d_return": 3.061630727478848,
    "iwm_60d_return": 7.3826820878794885,
    "tlt_latest": 84.68000030517578,
    "tlt_5d_return": 1.21921658907167,
    "tlt_20d_return": -1.980520053976531,
    "tlt_60d_return": -5.1555943848290315,
    "uup_latest": 27.770000457763672,
    "uup_5d_return": 0.0,
    "uup_20d_return": 1.0553163040691427,
    "uup_60d_return": 2.4723249699733385,
    "eem_latest": 65.87999725341797,
    "eem_5d_return": 1.2448095318773778,
    "eem_20d_return": 3.35738236366272,
    "eem_60d_return": 5.055012303022366,
    "hyg_latest": 79.91000366210938,
    "hyg_5d_return": 0.5663284455343698,
    "hyg_20d_return": -0.18796061022587907,
    "hyg_60d_return": 0.3268536369471553,
    "lqd_latest": 108.37000274658203,
    "lqd_5d_return": 0.4728371345674942,
    "lqd_20d_return": -0.7346778526927888,
    "lqd_60d_return": -1.881729138956878,
    "iwm_spy_20d_relative": -1.3785199992809805,
    "eem_spy_20d_relative": -1.0827683630971086,
    "qqq_spy_20d_relative": 3.6426312142331376,
    "sovereign_spread_change_bp": null
  },
  "metadata": {
    "items": {
      "us2y": {
        "group": "fred",
        "source": "FRED:DGS2",
        "latest_date": "2026-05-21",
        "freshness": "Fresh",
        "error": null
      },
      "us10y": {
        "group": "fred",
        "source": "FRED:DGS10",
        "latest_date": "2026-05-21",
        "freshness": "Fresh",
        "error": null
      },
      "us30y": {
        "group": "fred",
        "source": "FRED:DGS30",
        "latest_date": "2026-05-21",
        "freshness": "Fresh",
        "error": null
      },
      "hy_oas": {
        "group": "fred",
        "source": "FRED:BAMLH0A0HYM2",
        "latest_date": "2026-05-21",
        "freshness": "Fresh",
        "error": null
      },
      "ig_oas": {
        "group": "fred",
        "source": "FRED:BAMLC0A0CM",
        "latest_date": "2026-05-21",
        "freshness": "Fresh",
        "error": null
      },
      "dxy": {
        "group": "yahoo",
        "source": "Yahoo:DX-Y.NYB",
        "latest_date": "2026-05-22",
        "freshness": "Fresh",
        "error": null
      },
      "spy": {
        "group": "yahoo",
        "source": "Yahoo:SPY",
        "latest_date": "2026-05-22",
        "freshness": "Fresh",
        "error": null
      },
      "qqq": {
        "group": "yahoo",
        "source": "Yahoo:QQQ",
        "latest_date": "2026-05-22",
        "freshness": "Fresh",
        "error": null
      },
      "iwm": {
        "group": "yahoo",
        "source": "Yahoo:IWM",
        "latest_date": "2026-05-22",
        "freshness": "Fresh",
        "error": null
      },
      "tlt": {
        "group": "yahoo",
        "source": "Yahoo:TLT",
        "latest_date": "2026-05-22",
        "freshness": "Fresh",
        "error": null
      },
      "uup": {
        "group": "yahoo",
        "source": "Yahoo:UUP",
        "latest_date": "2026-05-22",
        "freshness": "Fresh",
        "error": null
      },
      "eem": {
        "group": "yahoo",
        "source": "Yahoo:EEM",
        "latest_date": "2026-05-22",
        "freshness": "Fresh",
        "error": null
      },
      "hyg": {
        "group": "yahoo",
        "source": "Yahoo:HYG",
        "latest_date": "2026-05-22",
        "freshness": "Fresh",
        "error": null
      },
      "lqd": {
        "group": "yahoo",
        "source": "Yahoo:LQD",
        "latest_date": "2026-05-22",
        "freshness": "Fresh",
        "error": null
      }
    },
    "missing": [],
    "stale": [],
    "latest_market_date": "2026-05-22",
    "overall_freshness": "Fresh"
  },
  "rule_classification": {
    "scores": {
      "R0": 2,
      "R1": 2,
      "R2": 0,
      "R3": 1
    },
    "evidence": {
      "R0": [
        "equity resilience with stable credit",
        "DXY is stable"
      ],
      "R1": [
        "10Y yield rose meaningfully over 20D",
        "credit spread pressure is not yet disorderly"
      ],
      "R2": [],
      "R3": [
        "SPY and QQQ rallied over 20D"
      ]
    },
    "signal_probability": {
      "R0": 0.3771840632745555,
      "R1": 0.3771840632745555,
      "R2": 0.07615214901820852,
      "R3": 0.16947972443268056
    },
    "markov_prior": {
      "R0": 0.25,
      "R1": 0.43,
      "R2": 0.18,
      "R3": 0.14
    },
    "posterior_probability": {
      "R0": 0.3326696411284611,
      "R1": 0.3956696411284611,
      "R2": 0.11249889686183553,
      "R3": 0.15916182088124237
    },
    "top_regime": "R1"
  },
  "student_t_filter": {
    "probability": {
      "R0": 0.7026599358492033,
      "R1": 0.16498780669564952,
      "R2": 0.1323154801094186,
      "R3": 3.6777345728727585e-05
    },
    "diagnostics": {
      "method": "Student-t observation filter + Markov transition smoothing",
      "available_feature_count": 13,
      "required_min_rows": 80,
      "used": true,
      "warnings": [
        "State R2 has only 5 pseudo-labeled rows; using global robust scale."
      ],
      "usable_rows": 1271,
      "available_features": [
        "us10y_20d_change_bp",
        "us30y_20d_change_bp",
        "curve_10y2y",
        "curve_30y10y",
        "dxy_20d_return",
        "spy_20d_return",
        "qqq_20d_return",
        "iwm_spy_20d_relative",
        "eem_spy_20d_relative",
        "tlt_20d_return",
        "hyg_20d_return",
        "hy_oas_20d_change_bp",
        "ig_oas_20d_change_bp"
      ],
      "pseudo_label_counts": {
        "R0": 368,
        "R1": 739,
        "R2": 5,
        "R3": 159
      },
      "latest_log_likelihood": {
        "R0": -32.18946519068998,
        "R1": -33.222465105588846,
        "R2": -32.82151947931194,
        "R3": -41.22544703853079
      },
      "top_regime": "R0"
    }
  },
  "change_point": {
    "method": "robust trailing-window abnormality score",
    "used": true,
    "risk_score": 0.10894581349089588,
    "risk_level": "low",
    "distance": 1.208265280616591,
    "warnings": [],
    "stress_vote_count": 0,
    "stress_vote_total": 8,
    "available_features": [
      "us10y_20d_change_bp",
      "us30y_20d_change_bp",
      "curve_10y2y",
      "curve_30y10y",
      "dxy_20d_return",
      "spy_20d_return",
      "qqq_20d_return",
      "iwm_spy_20d_relative",
      "eem_spy_20d_relative",
      "tlt_20d_return",
      "hyg_20d_return",
      "hy_oas_20d_change_bp",
      "ig_oas_20d_change_bp"
    ]
  },
  "ensemble": {
    "probability": {
      "R0": 0.4464387407890014,
      "R1": 0.3199176143643534,
      "R2": 0.11922497724909002,