{
  "fetch_time_utc": "2026-07-03T01:07:47.730167+00:00",
  "previous_regime": "R1",
  "features": {
    "us2y_level": 4.17,
    "us10y_level": 4.48,
    "us30y_level": 4.97,
    "us10y_5d_change_bp": 7.000000000000028,
    "us10y_20d_change_bp": 2.000000000000046,
    "us10y_60d_change_bp": 14.000000000000057,
    "us30y_5d_change_bp": 10.999999999999943,
    "us30y_20d_change_bp": 0.0,
    "us30y_60d_change_bp": 8.000000000000007,
    "curve_10y2y": 0.3100000000000005,
    "curve_30y10y": 0.4899999999999993,
    "hy_oas_level": 2.74,
    "hy_oas_5d_change_bp": -1.9999999999999574,
    "hy_oas_20d_change_bp": -0.9999999999999787,
    "hy_oas_60d_change_bp": -15.99999999999997,
    "ig_oas_level": 0.76,
    "ig_oas_5d_change_bp": 1.0000000000000009,
    "ig_oas_20d_change_bp": 2.0000000000000018,
    "ig_oas_60d_change_bp": -6.999999999999995,
    "dxy_latest": 100.91000366210938,
    "dxy_5d_return": -0.5126655245014988,
    "dxy_20d_return": 1.3865215510276307,
    "dxy_60d_return": 1.2745928143721663,
    "spy_latest": 744.780029296875,
    "spy_5d_return": 1.4272152632611723,
    "spy_20d_return": -0.9998447148781842,
    "spy_60d_return": 13.27004988254794,
    "qqq_latest": 712.5999755859375,
    "qqq_5d_return": -0.5276570076091613,
    "qqq_20d_return": -4.142235408405693,
    "qqq_60d_return": 21.202033910340145,
    "iwm_latest": 297.5799865722656,
    "iwm_5d_return": -0.4449556968816659,
    "iwm_20d_return": 3.690916010589951,
    "iwm_60d_return": 17.94221689519575,
    "tlt_latest": 85.51000213623047,
    "tlt_5d_return": -1.7449182564054921,
    "tlt_20d_return": 0.6046349180076183,
    "tlt_60d_return": -0.18286503094803175,
    "uup_latest": 28.34000015258789,
    "uup_5d_return": -0.4915708985206102,
    "uup_20d_return": 1.7228985345319137,
    "uup_60d_return": 2.1261266759923902,
    "eem_latest": 65.69999694824219,
    "eem_5d_return": -3.325488767916751,
    "eem_20d_return": -5.547064246396771,
    "eem_60d_return": 15.235543284837183,
    "hyg_latest": 79.70999908447266,
    "hyg_5d_return": 0.24975723776881065,
    "hyg_20d_return": 0.5013838992107056,
    "hyg_60d_return": 1.4942097949705468,
    "lqd_latest": 108.63999938964844,
    "lqd_5d_return": -0.4366905656910447,
    "lqd_20d_return": 0.3699396736969174,
    "lqd_60d_return": 0.7280390862363539,
    "iwm_spy_20d_relative": 4.6907607254681345,
    "eem_spy_20d_relative": -4.5472195315185875,
    "qqq_spy_20d_relative": -3.1423906935275085,
    "sovereign_spread_change_bp": null
  },
  "metadata": {
    "items": {
      "us2y": {
        "group": "fred",
        "source": "FRED:DGS2",
        "latest_date": "2026-07-01",
        "freshness": "Acceptable",
        "error": null
      },
      "us10y": {
        "group": "fred",
        "source": "FRED:DGS10",
        "latest_date": "2026-07-01",
        "freshness": "Acceptable",
        "error": null
      },
      "us30y": {
        "group": "fred",
        "source": "FRED:DGS30",
        "latest_date": "2026-07-01",
        "freshness": "Acceptable",
        "error": null
      },
      "hy_oas": {
        "group": "fred",
        "source": "FRED:BAMLH0A0HYM2",
        "latest_date": "2026-07-01",
        "freshness": "Acceptable",
        "error": null
      },
      "ig_oas": {
        "group": "fred",
        "source": "FRED:BAMLC0A0CM",
        "latest_date": "2026-07-01",
        "freshness": "Acceptable",
        "error": null
      },
      "dxy": {
        "group": "yahoo",
        "source": "Yahoo:DX-Y.NYB",
        "latest_date": "2026-07-02",
        "freshness": "Fresh",
        "error": null
      },
      "spy": {
        "group": "yahoo",
        "source": "Yahoo:SPY",
        "latest_date": "2026-07-02",
        "freshness": "Fresh",
        "error": null
      },
      "qqq": {
        "group": "yahoo",
        "source": "Yahoo:QQQ",
        "latest_date": "2026-07-02",
        "freshness": "Fresh",
        "error": null
      },
      "iwm": {
        "group": "yahoo",
        "source": "Yahoo:IWM",
        "latest_date": "2026-07-02",
        "freshness": "Fresh",
        "error": null
      },
      "tlt": {
        "group": "yahoo",
        "source": "Yahoo:TLT",
        "latest_date": "2026-07-02",
        "freshness": "Fresh",
        "error": null
      },
      "uup": {
        "group": "yahoo",
        "source": "Yahoo:UUP",
        "latest_date": "2026-07-02",
        "freshness": "Fresh",
        "error": null
      },
      "eem": {
        "group": "yahoo",
        "source": "Yahoo:EEM",
        "latest_date": "2026-07-02",
        "freshness": "Fresh",
        "error": null
      },
      "hyg": {
        "group": "yahoo",
        "source": "Yahoo:HYG",
        "latest_date": "2026-07-02",
        "freshness": "Fresh",
        "error": null
      },
      "lqd": {
        "group": "yahoo",
        "source": "Yahoo:LQD",
        "latest_date": "2026-07-02",
        "freshness": "Fresh",
        "error": null
      }
    },
    "missing": [],
    "stale": [],
    "latest_market_date": "2026-07-02",
    "overall_freshness": "Fresh"
  },
  "rule_classification": {
    "scores": {
      "R0": 1,
      "R1": 3,
      "R2": 0,
      "R3": 0
    },
    "evidence": {
      "R0": [
        "10Y yield is high but not accelerating"
      ],
      "R1": [
        "DXY strengthened over 20D",
        "EEM underperformed SPY over 20D",
        "credit spread pressure is not yet disorderly"
      ],
      "R2": [],
      "R3": []
    },
    "signal_probability": {
      "R0": 0.14594938599585397,
      "R1": 0.7228920411580229,
      "R2": 0.06557928642306159,
      "R3": 0.06557928642306159
    },
    "markov_prior": {
      "R0": 0.25,
      "R1": 0.43,
      "R2": 0.18,
      "R3": 0.14
    },
    "posterior_probability": {
      "R0": 0.18236710089730507,
      "R1": 0.6203798267527149,
      "R2": 0.10562653617499004,
      "R3": 0.09162653617499003
    },
    "top_regime": "R1"
  },
  "student_t_filter": {
    "probability": {
      "R0": 0.49318171934779376,
      "R1": 0.032482047744357014,
      "R2": 0.4743343975152768,
      "R3": 1.835392572463421e-06
    },
    "diagnostics": {
      "method": "Student-t observation filter + Markov transition smoothing",
      "available_feature_count": 13,
      "required_min_rows": 80,
      "used": true,
      "warnings": [
        "State R2 has only 5 pseudo-labeled rows; using global robust scale."
      ],
      "usable_rows": 1270,
      "available_features": [
        "us10y_20d_change_bp",
        "us30y_20d_change_bp",
        "curve_10y2y",
        "curve_30y10y",
        "dxy_20d_return",
        "spy_20d_return",
        "qqq_20d_return",
        "iwm_spy_20d_relative",
        "eem_spy_20d_relative",
        "tlt_20d_return",
        "hyg_20d_return",
        "hy_oas_20d_change_bp",
        "ig_oas_20d_change_bp"
      ],
      "pseudo_label_counts": {
        "R0": 381,
        "R1": 731,
        "R2": 5,
        "R3": 153
      },
      "latest_log_likelihood": {
        "R0": -33.784309067040454,
        "R1": -36.51511176348979,
        "R2": -34.17369399730168,
        "R3": -46.5896804935454
      },
      "top_regime": "R0"
    }
  },
  "change_point": {
    "method": "robust trailing-window abnormality score",
    "used": true,
    "risk_score": 0.1307762920956588,
    "risk_level": "low",
    "distance": 1.0364352800597656,
    "warnings": [],
    "stress_vote_count": 1,
    "stress_vote_total": 8,
    "available_features": [
      "us10y_20d_change_bp",
      "us30y_20d_change_bp",
      "curve_10y2y",
      "curve_30y10y",
      "dxy_20d_return",
      "spy_20d_return",
      "qqq_20d_return",
      "iwm_spy_20d_relative",
      "eem_spy_20d_relative",
      "tlt_20d_return",
      "hyg_20d_return",
      "hy_oas_20d_change_bp",
      "ig_oas_20d_change_bp"
    ]
  },
  "ensemble": {
    "probability": {
      "R0": 0.2930208030849993,
      "R1": 0.4147955237460751,
      "R2": 0.2185149637671164,