{
  "fetch_time_utc": "2026-05-22T10:37:11.314741+00:00",
  "previous_regime": "R1",
  "features": {
    "us2y_level": 4.04,
    "us10y_level": 4.57,
    "us30y_level": 5.11,
    "us10y_5d_change_bp": 11.000000000000032,
    "us10y_20d_change_bp": 27.000000000000046,
    "us10y_60d_change_bp": 52.00000000000004,
    "us30y_5d_change_bp": 8.000000000000007,
    "us30y_20d_change_bp": 20.999999999999996,
    "us30y_60d_change_bp": 41.000000000000014,
    "curve_10y2y": 0.5300000000000002,
    "curve_30y10y": 0.54,
    "hy_oas_level": 2.8,
    "hy_oas_5d_change_bp": -2.0000000000000018,
    "hy_oas_20d_change_bp": -4.0000000000000036,
    "hy_oas_60d_change_bp": -18.000000000000014,
    "ig_oas_level": 0.75,
    "ig_oas_5d_change_bp": -1.0000000000000009,
    "ig_oas_20d_change_bp": -4.0000000000000036,
    "ig_oas_60d_change_bp": -6.999999999999995,
    "dxy_latest": 99.30699920654297,
    "dxy_5d_return": 0.03727466981751082,
    "dxy_20d_return": 0.8090519267376806,
    "dxy_60d_return": 1.5512816001771235,
    "spy_latest": 742.719970703125,
    "spy_5d_return": -0.7284457184224769,
    "spy_20d_return": 4.837314970089812,
    "spy_60d_return": 7.444029653070383,
    "qqq_latest": 714.510009765625,
    "qqq_5d_return": -0.7335428976364744,
    "qqq_20d_return": 9.68500023189649,
    "qqq_60d_return": 16.010080704900155,
    "iwm_latest": 282.489990234375,
    "iwm_5d_return": -0.6890567370514633,
    "iwm_20d_return": 2.529762448690165,
    "iwm_60d_return": 6.959149617268157,
    "tlt_latest": 84.22000122070312,
    "tlt_5d_return": -0.824301652538395,
    "tlt_20d_return": -2.3327664404108606,
    "tlt_60d_return": -5.29312253889509,
    "uup_latest": 27.729999542236328,
    "uup_5d_return": 0.39825742092911565,
    "uup_20d_return": 0.7264760283418381,
    "uup_60d_return": 2.4002940190603894,
    "eem_latest": 66.02999877929688,
    "eem_5d_return": -2.0035597048835063,
    "eem_20d_return": 5.902165830369976,
    "eem_60d_return": 4.296315506246962,
    "hyg_latest": 79.9000015258789,
    "hyg_5d_return": 0.06262123069922243,
    "hyg_20d_return": -0.0638589530166267,
    "hyg_60d_return": 0.22751720758589222,
    "lqd_latest": 108.16999816894531,
    "lqd_5d_return": -0.35007358095725527,
    "lqd_20d_return": -0.8455022870201168,
    "lqd_60d_return": -2.00140133690333,
    "iwm_spy_20d_relative": -2.3075525213996473,
    "eem_spy_20d_relative": 1.0648508602801643,
    "qqq_spy_20d_relative": 4.847685261806678,
    "sovereign_spread_change_bp": null
  },
  "metadata": {
    "items": {
      "us2y": {
        "group": "fred",
        "source": "FRED:DGS2",
        "latest_date": "2026-05-20",
        "freshness": "Acceptable",
        "error": null
      },
      "us10y": {
        "group": "fred",
        "source": "FRED:DGS10",
        "latest_date": "2026-05-20",
        "freshness": "Acceptable",
        "error": null
      },
      "us30y": {
        "group": "fred",
        "source": "FRED:DGS30",
        "latest_date": "2026-05-20",
        "freshness": "Acceptable",
        "error": null
      },
      "hy_oas": {
        "group": "fred",
        "source": "FRED:BAMLH0A0HYM2",
        "latest_date": "2026-05-20",
        "freshness": "Acceptable",
        "error": null
      },
      "ig_oas": {
        "group": "fred",
        "source": "FRED:BAMLC0A0CM",
        "latest_date": "2026-05-20",
        "freshness": "Acceptable",
        "error": null
      },
      "dxy": {
        "group": "yahoo",
        "source": "Yahoo:DX-Y.NYB",
        "latest_date": "2026-05-22",
        "freshness": "Fresh",
        "error": null
      },
      "spy": {
        "group": "yahoo",
        "source": "Yahoo:SPY",
        "latest_date": "2026-05-21",
        "freshness": "Fresh",
        "error": null
      },
      "qqq": {
        "group": "yahoo",
        "source": "Yahoo:QQQ",
        "latest_date": "2026-05-21",
        "freshness": "Fresh",
        "error": null
      },
      "iwm": {
        "group": "yahoo",
        "source": "Yahoo:IWM",
        "latest_date": "2026-05-21",
        "freshness": "Fresh",
        "error": null
      },
      "tlt": {
        "group": "yahoo",
        "source": "Yahoo:TLT",
        "latest_date": "2026-05-21",
        "freshness": "Fresh",
        "error": null
      },
      "uup": {
        "group": "yahoo",
        "source": "Yahoo:UUP",
        "latest_date": "2026-05-21",
        "freshness": "Fresh",
        "error": null
      },
      "eem": {
        "group": "yahoo",
        "source": "Yahoo:EEM",
        "latest_date": "2026-05-21",
        "freshness": "Fresh",
        "error": null
      },
      "hyg": {
        "group": "yahoo",
        "source": "Yahoo:HYG",
        "latest_date": "2026-05-21",
        "freshness": "Fresh",
        "error": null
      },
      "lqd": {
        "group": "yahoo",
        "source": "Yahoo:LQD",
        "latest_date": "2026-05-21",
        "freshness": "Fresh",
        "error": null
      }
    },
    "missing": [],
    "stale": [],
    "latest_market_date": "2026-05-22",
    "overall_freshness": "Fresh"
  },
  "rule_classification": {
    "scores": {
      "R0": 2,
      "R1": 3,
      "R2": 0,
      "R3": 1
    },
    "evidence": {
      "R0": [
        "equity resilience with stable credit",
        "DXY is stable"
      ],
      "R1": [
        "10Y yield rose meaningfully over 20D",
        "IWM underperformed SPY over 20D",
        "credit spread pressure is not yet disorderly"
      ],
      "R2": [],
      "R3": [
        "SPY and QQQ rallied over 20D"
      ]
    },
    "signal_probability": {
      "R0": 0.257946931562511,
      "R1": 0.5740714535714135,
      "R2": 0.05207858730987664,
      "R3": 0.1159030275561989
    },
    "markov_prior": {
      "R0": 0.25,
      "R1": 0.43,
      "R2": 0.18,
      "R3": 0.14
    },
    "posterior_probability": {
      "R0": 0.2551655055156321,
      "R1": 0.5236464448214188,
      "R2": 0.09685108175141982,
      "R3": 0.12433696791152929
    },
    "top_regime": "R1"
  },
  "student_t_filter": {
    "probability": {
      "R0": 0.6368474997186501,
      "R1": 0.22194999288908718,
      "R2": 0.1411768725394477,
      "R3": 2.5634852815127313e-05
    },
    "diagnostics": {
      "method": "Student-t observation filter + Markov transition smoothing",
      "available_feature_count": 13,
      "required_min_rows": 80,
      "used": true,
      "warnings": [
        "State R2 has only 5 pseudo-labeled rows; using global robust scale."
      ],
      "usable_rows": 1271,
      "available_features": [
        "us10y_20d_change_bp",
        "us30y_20d_change_bp",
        "curve_10y2y",
        "curve_30y10y",
        "dxy_20d_return",
        "spy_20d_return",
        "qqq_20d_return",
        "iwm_spy_20d_relative",
        "eem_spy_20d_relative",
        "tlt_20d_return",
        "hyg_20d_return",
        "hy_oas_20d_change_bp",
        "ig_oas_20d_change_bp"
      ],
      "pseudo_label_counts": {
        "R0": 366,
        "R1": 740,
        "R2": 5,
        "R3": 160
      },
      "latest_log_likelihood": {
        "R0": -33.45954398234675,
        "R1": -34.079188372939754,
        "R2": -33.84687821882818,
        "R3": -42.703758919410134
      },
      "top_regime": "R0"
    }
  },
  "change_point": {
    "method": "robust trailing-window abnormality score",
    "used": true,
    "risk_score": 0.12517797985580384,
    "risk_level": "low",
    "distance": 1.318340288930587,
    "warnings": [],
    "stress_vote_count": 0,
    "stress_vote_total": 8,
    "available_features": [
      "us10y_20d_change_bp",
      "us30y_20d_change_bp",
      "curve_10y2y",
      "curve_30y10y",
      "dxy_20d_return",
      "spy_20d_return",
      "qqq_20d_return",
      "iwm_spy_20d_relative",
      "eem_spy_20d_relative",
      "tlt_20d_return",
      "hyg_20d_return",
      "hy_oas_20d_change_bp",
      "ig_oas_20d_change_bp"
    ]
  },
  "ensemble": {
    "probability": {
      "R0": 0.3799003495875699,