{
  "fetch_time_utc": "2026-07-16T00:54:01.306946+00:00",
  "previous_regime": "R1",
  "features": {
    "us2y_level": 4.18,
    "us10y_level": 4.58,
    "us30y_level": 5.08,
    "us10y_5d_change_bp": 3.000000000000025,
    "us10y_20d_change_bp": 9.999999999999964,
    "us10y_60d_change_bp": 25.99999999999998,
    "us30y_5d_change_bp": 3.000000000000025,
    "us30y_20d_change_bp": 11.000000000000032,
    "us30y_60d_change_bp": 15.000000000000036,
    "curve_10y2y": 0.40000000000000036,
    "curve_30y10y": 0.5,
    "hy_oas_level": 2.72,
    "hy_oas_5d_change_bp": 5.000000000000027,
    "hy_oas_20d_change_bp": 1.000000000000023,
    "hy_oas_60d_change_bp": -11.999999999999966,
    "ig_oas_level": 0.79,
    "ig_oas_5d_change_bp": 3.0000000000000027,
    "ig_oas_20d_change_bp": 4.0000000000000036,
    "ig_oas_60d_change_bp": 0.0,
    "dxy_latest": 100.47699737548828,
    "dxy_5d_return": -0.5670516169861362,
    "dxy_20d_return": 0.8501456844527411,
    "dxy_60d_return": 2.423036634393272,
    "spy_latest": 754.8099975585938,
    "spy_5d_return": 1.262405800419475,
    "spy_20d_return": 0.2549662936359498,
    "spy_60d_return": 6.564132453864646,
    "qqq_latest": 717.739990234375,
    "qqq_5d_return": 0.8855262244672035,
    "qqq_20d_return": -3.423556305828157,
    "qqq_60d_return": 10.738812975276213,
    "iwm_latest": 295.7699890136719,
    "iwm_5d_return": 0.780284156201172,
    "iwm_20d_return": 0.3835101510508254,
    "iwm_60d_return": 7.503571697954148,
    "tlt_latest": 84.23999786376953,
    "tlt_5d_return": -0.14225076542651038,
    "tlt_20d_return": -1.3636052191193793,
    "tlt_60d_return": -2.1509934042452827,
    "uup_latest": 28.25,
    "uup_5d_return": -0.38787238358313214,
    "uup_20d_return": 1.0010750572733151,
    "uup_60d_return": 3.2529216732243293,
    "eem_latest": 65.56999969482422,
    "eem_5d_return": -0.9965327323817497,
    "eem_20d_return": -5.992831978746638,
    "eem_60d_return": 3.5682233067429125,
    "hyg_latest": 79.80999755859375,
    "hyg_5d_return": 0.1882926055597478,
    "hyg_20d_return": 0.17487032677221404,
    "hyg_60d_return": 0.4497012874178141,
    "lqd_latest": 107.58000183105469,
    "lqd_5d_return": -0.08358534356934788,
    "lqd_20d_return": -0.9467806024443859,
    "lqd_60d_return": -1.134018558503036,
    "iwm_spy_20d_relative": 0.12854385741487562,
    "eem_spy_20d_relative": -6.247798272382588,
    "qqq_spy_20d_relative": -3.678522599464107,
    "sovereign_spread_change_bp": null
  },
  "metadata": {
    "items": {
      "us2y": {
        "group": "fred",
        "source": "FRED:DGS2",
        "latest_date": "2026-07-14",
        "freshness": "Acceptable",
        "error": null
      },
      "us10y": {
        "group": "fred",
        "source": "FRED:DGS10",
        "latest_date": "2026-07-14",
        "freshness": "Acceptable",
        "error": null
      },
      "us30y": {
        "group": "fred",
        "source": "FRED:DGS30",
        "latest_date": "2026-07-14",
        "freshness": "Acceptable",
        "error": null
      },
      "hy_oas": {
        "group": "fred",
        "source": "FRED:BAMLH0A0HYM2",
        "latest_date": "2026-07-14",
        "freshness": "Acceptable",
        "error": null
      },
      "ig_oas": {
        "group": "fred",
        "source": "FRED:BAMLC0A0CM",
        "latest_date": "2026-07-14",
        "freshness": "Acceptable",
        "error": null
      },
      "dxy": {
        "group": "yahoo",
        "source": "Yahoo:DX-Y.NYB",
        "latest_date": "2026-07-15",
        "freshness": "Fresh",
        "error": null
      },
      "spy": {
        "group": "yahoo",
        "source": "Yahoo:SPY",
        "latest_date": "2026-07-15",
        "freshness": "Fresh",
        "error": null
      },
      "qqq": {
        "group": "yahoo",
        "source": "Yahoo:QQQ",
        "latest_date": "2026-07-15",
        "freshness": "Fresh",
        "error": null
      },
      "iwm": {
        "group": "yahoo",
        "source": "Yahoo:IWM",
        "latest_date": "2026-07-15",
        "freshness": "Fresh",
        "error": null
      },
      "tlt": {
        "group": "yahoo",
        "source": "Yahoo:TLT",
        "latest_date": "2026-07-15",
        "freshness": "Fresh",
        "error": null
      },
      "uup": {
        "group": "yahoo",
        "source": "Yahoo:UUP",
        "latest_date": "2026-07-15",
        "freshness": "Fresh",
        "error": null
      },
      "eem": {
        "group": "yahoo",
        "source": "Yahoo:EEM",
        "latest_date": "2026-07-15",
        "freshness": "Fresh",
        "error": null
      },
      "hyg": {
        "group": "yahoo",
        "source": "Yahoo:HYG",
        "latest_date": "2026-07-15",
        "freshness": "Fresh",
        "error": null
      },
      "lqd": {
        "group": "yahoo",
        "source": "Yahoo:LQD",
        "latest_date": "2026-07-15",
        "freshness": "Fresh",
        "error": null
      }
    },
    "missing": [],
    "stale": [],
    "latest_market_date": "2026-07-15",
    "overall_freshness": "Fresh"
  },
  "rule_classification": {
    "scores": {
      "R0": 3,
      "R1": 2,
      "R2": 0,
      "R3": 0
    },
    "evidence": {
      "R0": [
        "10Y yield is high but not accelerating",
        "equity resilience with stable credit",
        "DXY is stable"
      ],
      "R1": [
        "EEM underperformed SPY over 20D",
        "credit spread pressure is not yet disorderly"
      ],
      "R2": [],
      "R3": []
    },
    "signal_probability": {
      "R0": 0.6132091866641559,
      "R1": 0.2755326486309692,
      "R2": 0.055629082352437534,
      "R3": 0.055629082352437534
    },
    "markov_prior": {
      "R0": 0.25,
      "R1": 0.43,
      "R2": 0.18,
      "R3": 0.14
    },
    "posterior_probability": {
      "R0": 0.4860859713317014,
      "R1": 0.32959622161013,
      "R2": 0.09915890352908441,
      "R3": 0.0851589035290844
    },
    "top_regime": "R0"
  },
  "student_t_filter": {
    "probability": {
      "R0": 0.18176816976691154,
      "R1": 0.028476044773093248,
      "R2": 0.7897547356100107,
      "R3": 1.0498499844733037e-06
    },
    "diagnostics": {
      "method": "Student-t observation filter + Markov transition smoothing",
      "available_feature_count": 13,
      "required_min_rows": 80,
      "used": true,
      "warnings": [
        "State R2 has only 5 pseudo-labeled rows; using global robust scale."
      ],
      "usable_rows": 1270,
      "available_features": [
        "us10y_20d_change_bp",
        "us30y_20d_change_bp",
        "curve_10y2y",
        "curve_30y10y",
        "dxy_20d_return",
        "spy_20d_return",
        "qqq_20d_return",
        "iwm_spy_20d_relative",
        "eem_spy_20d_relative",
        "tlt_20d_return",
        "hyg_20d_return",
        "hy_oas_20d_change_bp",
        "ig_oas_20d_change_bp"
      ],
      "pseudo_label_counts": {
        "R0": 379,
        "R1": 733,
        "R2": 5,
        "R3": 153
      },
      "latest_log_likelihood": {
        "R0": -34.695865427286506,
        "R1": -36.36892178455737,
        "R2": -33.32306171268992,
        "R3": -46.849365109516256
      },
      "top_regime": "R2"
    }
  },
  "change_point": {
    "method": "robust trailing-window abnormality score",
    "used": true,
    "risk_score": 0.10517600438382457,
    "risk_level": "low",
    "distance": 0.7810848996824227,
    "warnings": [],
    "stress_vote_count": 1,
    "stress_vote_total": 8,
    "available_features": [
      "us10y_20d_change_bp",
      "us30y_20d_change_bp",
      "curve_10y2y",
      "curve_30y10y",
      "dxy_20d_return",
      "spy_20d_return",
      "qqq_20d_return",
      "iwm_spy_20d_relative",
      "eem_spy_20d_relative",
      "tlt_20d_return",
      "hyg_20d_return",
      "hy_oas_20d_change_bp",
      "ig_oas_20d_change_bp"
    ]
  },
  "ensemble": {
    "probability": {
      "R0": 0.3822888656501853,
      "R1": 0.23935396235855153,
      "R2": 0.3083132749626553,