{
  "fetch_time_utc": "2026-06-26T01:34:52.583923+00:00",
  "previous_regime": "R0",
  "features": {
    "us2y_level": 4.11,
    "us10y_level": 4.41,
    "us30y_level": 4.86,
    "us10y_5d_change_bp": -1.9999999999999574,
    "us10y_20d_change_bp": -8.999999999999986,
    "us10y_60d_change_bp": 6.00000000000005,
    "us30y_5d_change_bp": -6.99999999999994,
    "us30y_20d_change_bp": -16.999999999999993,
    "us30y_60d_change_bp": -4.999999999999982,
    "curve_10y2y": 0.2999999999999998,
    "curve_30y10y": 0.4500000000000002,
    "hy_oas_level": 2.76,
    "hy_oas_5d_change_bp": 12.99999999999999,
    "hy_oas_20d_change_bp": 3.999999999999959,
    "hy_oas_60d_change_bp": -41.000000000000014,
    "ig_oas_level": 0.75,
    "ig_oas_5d_change_bp": 1.0000000000000009,
    "ig_oas_20d_change_bp": 2.0000000000000018,
    "ig_oas_60d_change_bp": -10.999999999999998,
    "dxy_latest": 101.48100280761719,
    "dxy_5d_return": 1.3897557404545235,
    "dxy_20d_return": 2.2890875356332607,
    "dxy_60d_return": 0.966073675006629,
    "spy_latest": 734.2999877929688,
    "spy_5d_return": -0.64352935172034,
    "spy_20d_return": -1.9012728533778112,
    "spy_60d_return": 16.491562891245692,
    "qqq_latest": 716.3800048828125,
    "qqq_5d_return": -0.7394663113173605,
    "qqq_20d_return": -1.6838398450686465,
    "qqq_60d_return": 28.460134758059663,
    "iwm_latest": 298.9100036621094,
    "iwm_5d_return": 3.11508162936156,
    "iwm_20d_return": 3.1858761723090323,
    "iwm_60d_return": 25.0452162560723,
    "tlt_latest": 87.3499984741211,
    "tlt_5d_return": 1.1815088861720557,
    "tlt_20d_return": 2.806062296359091,
    "tlt_60d_return": 1.8311507216146827,
    "uup_latest": 28.479999542236328,
    "uup_5d_return": 1.0645820930152539,
    "uup_20d_return": 2.630628981031813,
    "uup_60d_return": 1.7869907368841753,
    "eem_latest": 67.95999908447266,
    "eem_5d_return": -0.8751436631955989,
    "eem_20d_return": -0.11223793859870268,
    "eem_60d_return": 24.77303463959317,
    "hyg_latest": 79.87999725341797,
    "hyg_5d_return": 0.18812729232291492,
    "hyg_20d_return": 0.19829058585776327,
    "hyg_60d_return": 2.907041602333571,
    "lqd_latest": 109.5,
    "lqd_5d_return": 0.671144046578509,
    "lqd_20d_return": 0.904332288086529,
    "lqd_60d_return": 2.29835123162081,
    "iwm_spy_20d_relative": 5.087149025686843,
    "eem_spy_20d_relative": 1.7890349147791085,
    "qqq_spy_20d_relative": 0.21743300830916468,
    "sovereign_spread_change_bp": null
  },
  "metadata": {
    "items": {
      "us2y": {
        "group": "fred",
        "source": "FRED:DGS2",
        "latest_date": "2026-06-24",
        "freshness": "Acceptable",
        "error": null
      },
      "us10y": {
        "group": "fred",
        "source": "FRED:DGS10",
        "latest_date": "2026-06-24",
        "freshness": "Acceptable",
        "error": null
      },
      "us30y": {
        "group": "fred",
        "source": "FRED:DGS30",
        "latest_date": "2026-06-24",
        "freshness": "Acceptable",
        "error": null
      },
      "hy_oas": {
        "group": "fred",
        "source": "FRED:BAMLH0A0HYM2",
        "latest_date": "2026-06-24",
        "freshness": "Acceptable",
        "error": null
      },
      "ig_oas": {
        "group": "fred",
        "source": "FRED:BAMLC0A0CM",
        "latest_date": "2026-06-24",
        "freshness": "Acceptable",
        "error": null
      },
      "dxy": {
        "group": "yahoo",
        "source": "Yahoo:DX-Y.NYB",
        "latest_date": "2026-06-25",
        "freshness": "Fresh",
        "error": null
      },
      "spy": {
        "group": "yahoo",
        "source": "Yahoo:SPY",
        "latest_date": "2026-06-25",
        "freshness": "Fresh",
        "error": null
      },
      "qqq": {
        "group": "yahoo",
        "source": "Yahoo:QQQ",
        "latest_date": "2026-06-25",
        "freshness": "Fresh",
        "error": null
      },
      "iwm": {
        "group": "yahoo",
        "source": "Yahoo:IWM",
        "latest_date": "2026-06-25",
        "freshness": "Fresh",
        "error": null
      },
      "tlt": {
        "group": "yahoo",
        "source": "Yahoo:TLT",
        "latest_date": "2026-06-25",
        "freshness": "Fresh",
        "error": null
      },
      "uup": {
        "group": "yahoo",
        "source": "Yahoo:UUP",
        "latest_date": "2026-06-25",
        "freshness": "Fresh",
        "error": null
      },
      "eem": {
        "group": "yahoo",
        "source": "Yahoo:EEM",
        "latest_date": "2026-06-25",
        "freshness": "Fresh",
        "error": null
      },
      "hyg": {
        "group": "yahoo",
        "source": "Yahoo:HYG",
        "latest_date": "2026-06-25",
        "freshness": "Fresh",
        "error": null
      },
      "lqd": {
        "group": "yahoo",
        "source": "Yahoo:LQD",
        "latest_date": "2026-06-25",
        "freshness": "Fresh",
        "error": null
      }
    },
    "missing": [],
    "stale": [],
    "latest_market_date": "2026-06-25",
    "overall_freshness": "Fresh"
  },
  "rule_classification": {
    "scores": {
      "R0": 1,
      "R1": 2,
      "R2": 0,
      "R3": 0
    },
    "evidence": {
      "R0": [
        "10Y yield is high but not accelerating"
      ],
      "R1": [
        "DXY strengthened over 20D",
        "credit spread pressure is not yet disorderly"
      ],
      "R2": [],
      "R3": []
    },
    "signal_probability": {
      "R0": 0.2424713343705328,
      "R1": 0.5396298786278032,
      "R2": 0.10894939350083196,
      "R3": 0.10894939350083196
    },
    "markov_prior": {
      "R0": 0.55,
      "R1": 0.25,
      "R2": 0.06,
      "R3": 0.14
    },
    "posterior_probability": {
      "R0": 0.3501063673408463,
      "R1": 0.43825942110807214,
      "R2": 0.09181710577554078,
      "R3": 0.11981710577554078
    },
    "top_regime": "R1"
  },
  "student_t_filter": {
    "probability": {
      "R0": 0.23401130573278622,
      "R1": 0.2092547844351893,
      "R2": 0.5567172485941797,
      "R3": 1.6661237844638477e-05
    },
    "diagnostics": {
      "method": "Student-t observation filter + Markov transition smoothing",
      "available_feature_count": 13,
      "required_min_rows": 80,
      "used": true,
      "warnings": [
        "State R2 has only 5 pseudo-labeled rows; using global robust scale."
      ],
      "usable_rows": 1270,
      "available_features": [
        "us10y_20d_change_bp",
        "us30y_20d_change_bp",
        "curve_10y2y",
        "curve_30y10y",
        "dxy_20d_return",
        "spy_20d_return",
        "qqq_20d_return",
        "iwm_spy_20d_relative",
        "eem_spy_20d_relative",
        "tlt_20d_return",
        "hyg_20d_return",
        "hy_oas_20d_change_bp",
        "ig_oas_20d_change_bp"
      ],
      "pseudo_label_counts": {
        "R0": 380,
        "R1": 731,
        "R2": 5,
        "R3": 154
      },
      "latest_log_likelihood": {
        "R0": -36.3288048185263,
        "R1": -36.384241244764226,
        "R2": -35.01380005094617,
        "R3": -45.43954958926926
      },
      "top_regime": "R2"
    }
  },
  "change_point": {
    "method": "robust trailing-window abnormality score",
    "used": true,
    "risk_score": 0.12810475225727336,
    "risk_level": "low",
    "distance": 1.336997918657544,
    "warnings": [],
    "stress_vote_count": 0,
    "stress_vote_total": 8,
    "available_features": [
      "us10y_20d_change_bp",
      "us30y_20d_change_bp",
      "curve_10y2y",
      "curve_30y10y",
      "dxy_20d_return",
      "spy_20d_return",
      "qqq_20d_return",
      "iwm_spy_20d_relative",
      "eem_spy_20d_relative",
      "tlt_20d_return",
      "hyg_20d_return",
      "hy_oas_20d_change_bp",
      "ig_oas_20d_change_bp"
    ]
  },
  "ensemble": {
    "probability": {
      "R0": 0.3159613265837128,
      "R1": 0.3585791452250846,
      "R2": 0.2348453138770975,
      "R3": 0.09061421431410513
    },
    "top_regime": "R1",