{
  "fetch_time_utc": "2026-05-19T10:51:21.330263+00:00",
  "previous_regime": "R1",
  "features": {
    "us2y_level": 4.09,
    "us10y_level": 4.59,
    "us30y_level": 5.12,
    "us10y_5d_change_bp": 20.999999999999996,
    "us10y_20d_change_bp": 33.00000000000001,
    "us10y_60d_change_bp": 50.99999999999998,
    "us30y_5d_change_bp": 16.999999999999993,
    "us30y_20d_change_bp": 24.00000000000002,
    "us30y_60d_change_bp": 40.000000000000036,
    "curve_10y2y": 0.5,
    "curve_30y10y": 0.5300000000000002,
    "hy_oas_level": 2.8,
    "hy_oas_5d_change_bp": -1.000000000000023,
    "hy_oas_20d_change_bp": -3.000000000000025,
    "hy_oas_60d_change_bp": -15.000000000000036,
    "ig_oas_level": 0.75,
    "ig_oas_5d_change_bp": -4.0000000000000036,
    "ig_oas_20d_change_bp": -5.000000000000004,
    "ig_oas_60d_change_bp": -5.000000000000004,
    "dxy_latest": 99.23600006103516,
    "dxy_5d_return": 0.9624571540301607,
    "dxy_20d_return": 0.8393419044692152,
    "dxy_60d_return": 1.5721629076474564,
    "spy_latest": 738.6500244140625,
    "spy_5d_return": -0.08791605432681981,
    "spy_20d_return": 4.223114198580258,
    "spy_60d_return": 7.4318298048523745,
    "qqq_latest": 705.8800048828125,
    "qqq_5d_return": -1.0388444213143222,
    "qqq_20d_return": 9.135890917124057,
    "qqq_60d_return": 16.09041071524291,
    "iwm_latest": 275.9700012207031,
    "iwm_5d_return": -3.2804071748665953,
    "iwm_20d_return": -0.4975680016020778,
    "iwm_60d_return": 4.478631929591703,
    "tlt_latest": 83.55999755859375,
    "tlt_5d_return": -2.3375409736662855,
    "tlt_20d_return": -3.6547397170667684,
    "tlt_60d_return": -5.509841538576876,
    "uup_latest": 27.700000762939453,
    "uup_5d_return": 1.279708872351093,
    "uup_20d_return": 1.3909263263543359,
    "uup_60d_return": 2.25175565491198,
    "eem_latest": 64.97000122070312,
    "eem_5d_return": -4.301072610394718,
    "eem_20d_return": 2.8331764907900903,
    "eem_60d_return": 4.218801831372887,
    "hyg_latest": 79.54000091552734,
    "hyg_5d_return": -0.55014056381395,
    "hyg_20d_return": -0.7733998202675174,
    "hyg_60d_return": -0.3226151879539674,
    "lqd_latest": 107.66000366210938,
    "lqd_5d_return": -1.1658832640304873,
    "lqd_20d_return": -1.7704170159399513,
    "lqd_60d_return": -2.410995199254651,
    "iwm_spy_20d_relative": -4.720682200182336,
    "eem_spy_20d_relative": -1.3899377077901676,
    "qqq_spy_20d_relative": 4.912776718543799,
    "sovereign_spread_change_bp": null
  },
  "metadata": {
    "items": {
      "us2y": {
        "group": "fred",
        "source": "FRED:DGS2",
        "latest_date": "2026-05-15",
        "freshness": "Acceptable",
        "error": null
      },
      "us10y": {
        "group": "fred",
        "source": "FRED:DGS10",
        "latest_date": "2026-05-15",
        "freshness": "Acceptable",
        "error": null
      },
      "us30y": {
        "group": "fred",
        "source": "FRED:DGS30",
        "latest_date": "2026-05-15",
        "freshness": "Acceptable",
        "error": null
      },
      "hy_oas": {
        "group": "fred",
        "source": "FRED:BAMLH0A0HYM2",
        "latest_date": "2026-05-15",
        "freshness": "Acceptable",
        "error": null
      },
      "ig_oas": {
        "group": "fred",
        "source": "FRED:BAMLC0A0CM",
        "latest_date": "2026-05-15",
        "freshness": "Acceptable",
        "error": null
      },
      "dxy": {
        "group": "yahoo",
        "source": "Yahoo:DX-Y.NYB",
        "latest_date": "2026-05-19",
        "freshness": "Fresh",
        "error": null
      },
      "spy": {
        "group": "yahoo",
        "source": "Yahoo:SPY",
        "latest_date": "2026-05-18",
        "freshness": "Fresh",
        "error": null
      },
      "qqq": {
        "group": "yahoo",
        "source": "Yahoo:QQQ",
        "latest_date": "2026-05-18",
        "freshness": "Fresh",
        "error": null
      },
      "iwm": {
        "group": "yahoo",
        "source": "Yahoo:IWM",
        "latest_date": "2026-05-18",
        "freshness": "Fresh",
        "error": null
      },
      "tlt": {
        "group": "yahoo",
        "source": "Yahoo:TLT",
        "latest_date": "2026-05-18",
        "freshness": "Fresh",
        "error": null
      },
      "uup": {
        "group": "yahoo",
        "source": "Yahoo:UUP",
        "latest_date": "2026-05-18",
        "freshness": "Fresh",
        "error": null
      },
      "eem": {
        "group": "yahoo",
        "source": "Yahoo:EEM",
        "latest_date": "2026-05-18",
        "freshness": "Fresh",
        "error": null
      },
      "hyg": {
        "group": "yahoo",
        "source": "Yahoo:HYG",
        "latest_date": "2026-05-18",
        "freshness": "Fresh",
        "error": null
      },
      "lqd": {
        "group": "yahoo",
        "source": "Yahoo:LQD",
        "latest_date": "2026-05-18",
        "freshness": "Fresh",
        "error": null
      }
    },
    "missing": [],
    "stale": [],
    "latest_market_date": "2026-05-19",
    "overall_freshness": "Fresh"
  },
  "rule_classification": {
    "scores": {
      "R0": 2,
      "R1": 4,
      "R2": 0,
      "R3": 1
    },
    "evidence": {
      "R0": [
        "equity resilience with stable credit",
        "DXY is stable"
      ],
      "R1": [
        "10Y yield rose meaningfully over 20D",
        "IWM underperformed SPY over 20D",
        "TLT sold off over 20D",
        "credit spread pressure is not yet disorderly"
      ],
      "R2": [],
      "R3": [
        "SPY and QQQ rallied over 20D"
      ]
    },
    "signal_probability": {
      "R0": 0.15141746645216986,
      "R1": 0.7499756209573569,
      "R2": 0.03057065924026564,
      "R3": 0.06803625335020762
    },
    "markov_prior": {
      "R0": 0.25,
      "R1": 0.43,
      "R2": 0.18,
      "R3": 0.14
    },
    "posterior_probability": {
      "R0": 0.1859213531939104,
      "R1": 0.637984153622282,
      "R2": 0.08287092850617267,
      "R3": 0.09322356467763496
    },
    "top_regime": "R1"
  },
  "student_t_filter": {
    "probability": {
      "R0": 0.00798891160127541,
      "R1": 0.802919416610887,
      "R2": 0.18907936467558992,
      "R3": 1.230711224775219e-05
    },
    "diagnostics": {
      "method": "Student-t observation filter + Markov transition smoothing",
      "available_feature_count": 13,
      "required_min_rows": 80,
      "used": true,
      "warnings": [
        "State R2 has only 5 pseudo-labeled rows; using global robust scale."
      ],
      "usable_rows": 1271,
      "available_features": [
        "us10y_20d_change_bp",
        "us30y_20d_change_bp",
        "curve_10y2y",
        "curve_30y10y",
        "dxy_20d_return",
        "spy_20d_return",
        "qqq_20d_return",
        "iwm_spy_20d_relative",
        "eem_spy_20d_relative",
        "tlt_20d_return",
        "hyg_20d_return",
        "hy_oas_20d_change_bp",
        "ig_oas_20d_change_bp"
      ],
      "pseudo_label_counts": {
        "R0": 365,
        "R1": 740,
        "R2": 5,
        "R3": 161
      },
      "latest_log_likelihood": {
        "R0": -38.68323492901556,
        "R1": -34.60616371520961,
        "R2": -35.45445536093253,
        "R3": -44.89080671305507
      },
      "top_regime": "R1"
    }
  },
  "change_point": {
    "method": "robust trailing-window abnormality score",
    "used": true,
    "risk_score": 0.24819157082430987,
    "risk_level": "low",
    "distance": 1.7436199862189783,
    "warnings": [],
    "stress_vote_count": 1,
    "stress_vote_total": 8,
    "available_features": [
      "us10y_20d_change_bp",
      "us30y_20d_change_bp",
      "curve_10y2y",
      "curve_30y10y",
      "dxy_20d_return",
      "spy_20d_return",
      "qqq_20d_return",
      "iwm_spy_20d_relative",
      "eem_spy_20d_relative",
      "tlt_20d_return",
      "hyg_20d_return",
      "hy_oas_20d_change_bp",
      "ig_oas_20d_change_bp"
    ]
  },