{
  "fetch_time_utc": "2026-06-17T01:58:54.498473+00:00",
  "previous_regime": "R0",
  "features": {
    "us2y_level": 4.07,
    "us10y_level": 4.47,
    "us30y_level": 4.97,
    "us10y_5d_change_bp": -8.999999999999986,
    "us10y_20d_change_bp": -12.00000000000001,
    "us10y_60d_change_bp": 8.000000000000007,
    "us30y_5d_change_bp": -6.00000000000005,
    "us30y_20d_change_bp": -15.000000000000036,
    "us30y_60d_change_bp": 0.9999999999999787,
    "curve_10y2y": 0.39999999999999947,
    "curve_30y10y": 0.5,
    "hy_oas_level": 2.66,
    "hy_oas_5d_change_bp": -8.999999999999986,
    "hy_oas_20d_change_bp": -19.99999999999997,
    "hy_oas_60d_change_bp": -52.99999999999998,
    "ig_oas_level": 0.73,
    "ig_oas_5d_change_bp": -2.0000000000000018,
    "ig_oas_20d_change_bp": -3.0000000000000027,
    "ig_oas_60d_change_bp": -14.000000000000002,
    "dxy_latest": 99.51799774169922,
    "dxy_5d_return": -0.3923590291677881,
    "dxy_20d_return": 0.553699620326431,
    "dxy_60d_return": -0.13246741812181773,
    "spy_latest": 750.3300170898438,
    "spy_5d_return": 1.8017813603987465,
    "spy_20d_return": 1.5812620713099523,
    "spy_60d_return": 15.689903729198406,
    "qqq_latest": 729.8599853515625,
    "qqq_5d_return": 3.11232467256648,
    "qqq_20d_return": 3.3971752001575872,
    "qqq_60d_return": 25.550684705412728,
    "iwm_latest": 292.0799865722656,
    "iwm_5d_return": 2.720722795696684,
    "iwm_20d_return": 6.089276864425774,
    "iwm_60d_return": 20.87134317180532,
    "tlt_latest": 86.19000244140625,
    "tlt_5d_return": 1.2570484730948683,
    "tlt_20d_return": 3.5531623228086895,
    "tlt_60d_return": 1.5909911489702333,
    "uup_latest": 27.93000030517578,
    "uup_5d_return": -0.2856120066131451,
    "uup_20d_return": 0.8303232343013223,
    "uup_60d_return": 0.9031791807937672,
    "eem_latest": 68.63999938964844,
    "eem_5d_return": 4.826456569021631,
    "eem_20d_return": 6.19789572688596,
    "eem_60d_return": 24.005706027130703,
    "hyg_latest": 80.02999877929688,
    "hyg_5d_return": 0.514940992930879,
    "hyg_20d_return": 1.1310719350335674,
    "hyg_60d_return": 2.9565898127303036,
    "lqd_latest": 109.12000274658203,
    "lqd_5d_return": 0.6549202661089826,
    "lqd_20d_return": 1.7403426865181482,
    "lqd_60d_return": 2.3781450733274756,
    "iwm_spy_20d_relative": 4.508014793115822,
    "eem_spy_20d_relative": 4.616633655576008,
    "qqq_spy_20d_relative": 1.815913128847635,
    "sovereign_spread_change_bp": null
  },
  "metadata": {
    "items": {
      "us2y": {
        "group": "fred",
        "source": "FRED:DGS2",
        "latest_date": "2026-06-15",
        "freshness": "Acceptable",
        "error": null
      },
      "us10y": {
        "group": "fred",
        "source": "FRED:DGS10",
        "latest_date": "2026-06-15",
        "freshness": "Acceptable",
        "error": null
      },
      "us30y": {
        "group": "fred",
        "source": "FRED:DGS30",
        "latest_date": "2026-06-15",
        "freshness": "Acceptable",
        "error": null
      },
      "hy_oas": {
        "group": "fred",
        "source": "FRED:BAMLH0A0HYM2",
        "latest_date": "2026-06-15",
        "freshness": "Acceptable",
        "error": null
      },
      "ig_oas": {
        "group": "fred",
        "source": "FRED:BAMLC0A0CM",
        "latest_date": "2026-06-15",
        "freshness": "Acceptable",
        "error": null
      },
      "dxy": {
        "group": "yahoo",
        "source": "Yahoo:DX-Y.NYB",
        "latest_date": "2026-06-16",
        "freshness": "Fresh",
        "error": null
      },
      "spy": {
        "group": "yahoo",
        "source": "Yahoo:SPY",
        "latest_date": "2026-06-16",
        "freshness": "Fresh",
        "error": null
      },
      "qqq": {
        "group": "yahoo",
        "source": "Yahoo:QQQ",
        "latest_date": "2026-06-16",
        "freshness": "Fresh",
        "error": null
      },
      "iwm": {
        "group": "yahoo",
        "source": "Yahoo:IWM",
        "latest_date": "2026-06-16",
        "freshness": "Fresh",
        "error": null
      },
      "tlt": {
        "group": "yahoo",
        "source": "Yahoo:TLT",
        "latest_date": "2026-06-16",
        "freshness": "Fresh",
        "error": null
      },
      "uup": {
        "group": "yahoo",
        "source": "Yahoo:UUP",
        "latest_date": "2026-06-16",
        "freshness": "Fresh",
        "error": null
      },
      "eem": {
        "group": "yahoo",
        "source": "Yahoo:EEM",
        "latest_date": "2026-06-16",
        "freshness": "Fresh",
        "error": null
      },
      "hyg": {
        "group": "yahoo",
        "source": "Yahoo:HYG",
        "latest_date": "2026-06-16",
        "freshness": "Fresh",
        "error": null
      },
      "lqd": {
        "group": "yahoo",
        "source": "Yahoo:LQD",
        "latest_date": "2026-06-16",
        "freshness": "Fresh",
        "error": null
      }
    },
    "missing": [],
    "stale": [],
    "latest_market_date": "2026-06-16",
    "overall_freshness": "Fresh"
  },
  "rule_classification": {
    "scores": {
      "R0": 3,
      "R1": 1,
      "R2": 0,
      "R3": 0
    },
    "evidence": {
      "R0": [
        "10Y yield is high but not accelerating",
        "equity resilience with stable credit",
        "DXY is stable"
      ],
      "R1": [
        "credit spread pressure is not yet disorderly"
      ],
      "R2": [],
      "R3": []
    },
    "signal_probability": {
      "R0": 0.7228920411580229,
      "R1": 0.14594938599585397,
      "R2": 0.06557928642306159,
      "R3": 0.06557928642306159
    },
    "markov_prior": {
      "R0": 0.55,
      "R1": 0.25,
      "R2": 0.06,
      "R3": 0.14
    },
    "posterior_probability": {
      "R0": 0.6623798267527149,
      "R1": 0.18236710089730507,
      "R2": 0.06362653617499003,
      "R3": 0.09162653617499003
    },
    "top_regime": "R0"
  },
  "student_t_filter": {
    "probability": {
      "R0": 0.9992429354903,
      "R1": 8.8490731985048e-05,
      "R2": 0.0005875426556413548,
      "R3": 8.103112207365155e-05
    },
    "diagnostics": {
      "method": "Student-t observation filter + Markov transition smoothing",
      "available_feature_count": 13,
      "required_min_rows": 80,
      "used": true,
      "warnings": [
        "State R2 has only 5 pseudo-labeled rows; using global robust scale."
      ],
      "usable_rows": 1271,
      "available_features": [
        "us10y_20d_change_bp",
        "us30y_20d_change_bp",
        "curve_10y2y",
        "curve_30y10y",
        "dxy_20d_return",
        "spy_20d_return",
        "qqq_20d_return",
        "iwm_spy_20d_relative",
        "eem_spy_20d_relative",
        "tlt_20d_return",
        "hyg_20d_return",
        "hy_oas_20d_change_bp",
        "ig_oas_20d_change_bp"
      ],
      "pseudo_label_counts": {
        "R0": 380,
        "R1": 730,
        "R2": 5,
        "R3": 156
      },
      "latest_log_likelihood": {
        "R0": -29.638573136630182,
        "R1": -38.18231072550299,
        "R2": -34.86498453363328,
        "R3": -37.691544726616996
      },
      "top_regime": "R0"
    }
  },
  "change_point": {
    "method": "robust trailing-window abnormality score",
    "used": true,
    "risk_score": 0.11366649147209026,
    "risk_level": "low",
    "distance": 1.241533100518614,
    "warnings": [],
    "stress_vote_count": 0,
    "stress_vote_total": 8,
    "available_features": [
      "us10y_20d_change_bp",
      "us30y_20d_change_bp",
      "curve_10y2y",
      "curve_30y10y",
      "dxy_20d_return",
      "spy_20d_return",
      "qqq_20d_return",
      "iwm_spy_20d_relative",
      "eem_spy_20d_relative",
      "tlt_20d_return",
      "hyg_20d_return",
      "hy_oas_20d_change_bp",
      "ig_oas_20d_change_bp"
    ]
  },
  "ensemble": {
    "probability": {
      "R0": 0.7331547798522213,
      "R1": 0.14242380933472973,
      "R2": 0.05055784468615376,
      "R3": 0.07386356612689521
    },