{
  "fetch_time_utc": "2026-06-04T11:29:21.021627+00:00",
  "previous_regime": "R0",
  "features": {
    "us2y_level": null,
    "us10y_level": null,
    "us30y_level": null,
    "us10y_5d_change_bp": null,
    "us10y_20d_change_bp": null,
    "us10y_60d_change_bp": null,
    "us30y_5d_change_bp": null,
    "us30y_20d_change_bp": null,
    "us30y_60d_change_bp": null,
    "curve_10y2y": null,
    "curve_30y10y": null,
    "hy_oas_level": 2.71,
    "hy_oas_5d_change_bp": 0.0,
    "hy_oas_20d_change_bp": -4.0000000000000036,
    "hy_oas_60d_change_bp": -37.999999999999986,
    "ig_oas_level": 0.74,
    "ig_oas_5d_change_bp": 0.0,
    "ig_oas_20d_change_bp": -4.0000000000000036,
    "ig_oas_60d_change_bp": -14.000000000000002,
    "dxy_latest": 99.2229995727539,
    "dxy_5d_return": 0.20501205470573325,
    "dxy_20d_return": 1.2273035818070488,
    "dxy_60d_return": 0.39765024225237866,
    "spy_latest": 754.239990234375,
    "spy_5d_return": 0.5036868255530402,
    "spy_20d_return": 4.20989677395851,
    "spy_60d_return": 11.504235051445932,
    "qqq_latest": 744.2100219726562,
    "qqq_5d_return": 2.0234436244598752,
    "qqq_20d_return": 9.184143126777379,
    "qqq_60d_return": 22.605701357466067,
    "iwm_latest": 287.6700134277344,
    "iwm_5d_return": -0.9298418345061621,
    "iwm_20d_return": 1.8084710904914925,
    "iwm_60d_return": 13.627370654505743,
    "tlt_latest": 85.30999755859375,
    "tlt_5d_return": 0.4050953258963874,
    "tlt_20d_return": 0.2523129282806291,
    "tlt_60d_return": -3.2777394342080712,
    "uup_latest": 27.860000610351562,
    "uup_5d_return": 0.3963985958614913,
    "uup_20d_return": 1.309093128551142,
    "uup_60d_return": 1.4566698441919712,
    "eem_latest": 69.91999816894531,
    "eem_5d_return": 2.2371674118313534,
    "eem_20d_return": 6.911309690532397,
    "eem_60d_return": 19.62360522889586,
    "hyg_latest": 79.68000030517578,
    "hyg_5d_return": -0.05257762928101428,
    "hyg_20d_return": 0.21004754783329194,
    "hyg_60d_return": 0.9080628732789364,
    "lqd_latest": 108.62000274658203,
    "lqd_5d_return": 0.09341415775327988,
    "lqd_20d_return": 0.3513662182058397,
    "lqd_60d_return": -0.8221490664511943,
    "iwm_spy_20d_relative": -2.401425683467018,
    "eem_spy_20d_relative": 2.7014129165738865,
    "qqq_spy_20d_relative": 4.974246352818868,
    "sovereign_spread_change_bp": null
  },
  "metadata": {
    "items": {
      "us2y": {
        "group": "fred",
        "source": "FRED:DGS2",
        "latest_date": null,
        "freshness": "Missing",
        "error": "HTTP Error 504: Gateway Time-out"
      },
      "us10y": {
        "group": "fred",
        "source": "FRED:DGS10",
        "latest_date": null,
        "freshness": "Missing",
        "error": "HTTP Error 504: Gateway Time-out"
      },
      "us30y": {
        "group": "fred",
        "source": "FRED:DGS30",
        "latest_date": null,
        "freshness": "Missing",
        "error": "HTTP Error 504: Gateway Time-out"
      },
      "hy_oas": {
        "group": "fred",
        "source": "FRED:BAMLH0A0HYM2",
        "latest_date": "2026-06-02",
        "freshness": "Acceptable",
        "error": null
      },
      "ig_oas": {
        "group": "fred",
        "source": "FRED:BAMLC0A0CM",
        "latest_date": "2026-06-02",
        "freshness": "Acceptable",
        "error": null
      },
      "dxy": {
        "group": "yahoo",
        "source": "Yahoo:DX-Y.NYB",
        "latest_date": "2026-06-04",
        "freshness": "Fresh",
        "error": null
      },
      "spy": {
        "group": "yahoo",
        "source": "Yahoo:SPY",
        "latest_date": "2026-06-03",
        "freshness": "Fresh",
        "error": null
      },
      "qqq": {
        "group": "yahoo",
        "source": "Yahoo:QQQ",
        "latest_date": "2026-06-03",
        "freshness": "Fresh",
        "error": null
      },
      "iwm": {
        "group": "yahoo",
        "source": "Yahoo:IWM",
        "latest_date": "2026-06-03",
        "freshness": "Fresh",
        "error": null
      },
      "tlt": {
        "group": "yahoo",
        "source": "Yahoo:TLT",
        "latest_date": "2026-06-03",
        "freshness": "Fresh",
        "error": null
      },
      "uup": {
        "group": "yahoo",
        "source": "Yahoo:UUP",
        "latest_date": "2026-06-03",
        "freshness": "Fresh",
        "error": null
      },
      "eem": {
        "group": "yahoo",
        "source": "Yahoo:EEM",
        "latest_date": "2026-06-03",
        "freshness": "Fresh",
        "error": null
      },
      "hyg": {
        "group": "yahoo",
        "source": "Yahoo:HYG",
        "latest_date": "2026-06-03",
        "freshness": "Fresh",
        "error": null
      },
      "lqd": {
        "group": "yahoo",
        "source": "Yahoo:LQD",
        "latest_date": "2026-06-03",
        "freshness": "Fresh",
        "error": null
      }
    },
    "missing": [
      "us2y",
      "us10y",
      "us30y"
    ],
    "stale": [],
    "latest_market_date": "2026-06-04",
    "overall_freshness": "Fresh"
  },
  "rule_classification": {
    "scores": {
      "R0": 1,
      "R1": 3,
      "R2": 0,
      "R3": 1
    },
    "evidence": {
      "R0": [
        "equity resilience with stable credit"
      ],
      "R1": [
        "DXY strengthened over 20D",
        "IWM underperformed SPY over 20D",
        "credit spread pressure is not yet disorderly"
      ],
      "R2": [],
      "R3": [
        "SPY and QQQ rallied over 20D"
      ]
    },
    "signal_probability": {
      "R0": 0.1350920263838904,
      "R1": 0.6691151869566494,
      "R2": 0.06070076027556984,
      "R3": 0.1350920263838904
    },
    "markov_prior": {
      "R0": 0.55,
      "R1": 0.25,
      "R2": 0.06,
      "R3": 0.14
    },
    "posterior_probability": {
      "R0": 0.28030981714952874,
      "R1": 0.5224248715218222,
      "R2": 0.06045549417912039,
      "R3": 0.13680981714952878
    },
    "top_regime": "R1"
  },
  "student_t_filter": {
    "probability": {
      "R0": 0.9364187782081618,
      "R1": 0.04020034790183097,
      "R2": 0.022783839446909527,
      "R3": 0.0005970344430976523
    },
    "diagnostics": {
      "method": "Student-t observation filter + Markov transition smoothing",
      "available_feature_count": 9,
      "required_min_rows": 80,
      "used": true,
      "warnings": [
        "State R2 has only 6 pseudo-labeled rows; using global robust scale."
      ],
      "usable_rows": 1271,
      "available_features": [
        "dxy_20d_return",
        "spy_20d_return",
        "qqq_20d_return",
        "iwm_spy_20d_relative",
        "eem_spy_20d_relative",
        "tlt_20d_return",
        "hyg_20d_return",
        "hy_oas_20d_change_bp",
        "ig_oas_20d_change_bp"
      ],
      "pseudo_label_counts": {
        "R0": 402,
        "R1": 724,
        "R2": 6,
        "R3": 139
      },
      "latest_log_likelihood": {
        "R0": -21.88396781783038,
        "R1": -24.29467021090885,
        "R2": -23.574781847654982,
        "R3": -27.93635969957999
      },
      "top_regime": "R0"
    }
  },
  "change_point": {
    "method": "robust trailing-window abnormality score",
    "used": true,
    "risk_score": 0.06564522545165773,
    "risk_level": "low",
    "distance": 0.8289417781322302,
    "warnings": [],
    "stress_vote_count": 0,
    "stress_vote_total": 8,
    "available_features": [
      "dxy_20d_return",
      "spy_20d_return",
      "qqq_20d_return",
      "iwm_spy_20d_relative",
      "eem_spy_20d_relative",
      "tlt_20d_return",
      "hyg_20d_return",
      "hy_oas_20d_change_bp",
      "ig_oas_20d_change_bp"
    ]
  },
  "ensemble": {
    "probability": {
      "R0": 0.48592990969403593,
      "R1": 0.35892422025457765,
      "R2": 0.05353732168325643,
      "R3": 0.10160854836812998
    },
    "top_regime": "R0",
    "weights": {
      "rule": 0.6,
      "stat": 0.3,
      "change": 0.1
    },
    "change_risk_prior": {
      "R0": 0.3681838594187016,