{
  "fetch_time_utc": "2026-06-25T01:30:44.753250+00:00",
  "previous_regime": "R0",
  "features": {
    "us2y_level": 4.16,
    "us10y_level": 4.5,
    "us30y_level": 4.94,
    "us10y_5d_change_bp": 3.000000000000025,
    "us10y_20d_change_bp": -5.999999999999961,
    "us10y_60d_change_bp": 5.999999999999961,
    "us30y_5d_change_bp": -2.999999999999936,
    "us30y_20d_change_bp": -12.99999999999999,
    "us30y_60d_change_bp": -4.0000000000000036,
    "curve_10y2y": 0.33999999999999986,
    "curve_30y10y": 0.4400000000000004,
    "hy_oas_level": 2.71,
    "hy_oas_5d_change_bp": 0.0,
    "hy_oas_20d_change_bp": 0.0,
    "hy_oas_60d_change_bp": -45.000000000000014,
    "ig_oas_level": 0.74,
    "ig_oas_5d_change_bp": -1.0000000000000009,
    "ig_oas_20d_change_bp": 0.0,
    "ig_oas_60d_change_bp": -13.0,
    "dxy_latest": 101.50199890136719,
    "dxy_5d_return": 1.9710648661786179,
    "dxy_20d_return": 2.3515183780170146,
    "dxy_60d_return": 1.349972396294885,
    "spy_latest": 733.239990234375,
    "spy_5d_return": -2.0259149173474933,
    "spy_20d_return": -2.0598534151166747,
    "spy_60d_return": 15.934487106304761,
    "qqq_latest": 710.6199951171875,
    "qqq_5d_return": -2.529121426644132,
    "qqq_20d_return": -2.5851894455166224,
    "qqq_60d_return": 26.45328494797492,
    "iwm_latest": 296.69000244140625,
    "iwm_5d_return": 1.5783402085305154,
    "iwm_20d_return": 2.3701548134707373,
    "iwm_60d_return": 22.334653852191444,
    "tlt_latest": 87.37999725341797,
    "tlt_5d_return": 1.3806645530851425,
    "tlt_20d_return": 3.0830766322923475,
    "tlt_60d_return": 3.2221272693090386,
    "uup_latest": 28.530000686645508,
    "uup_5d_return": 2.1482290544713623,
    "uup_20d_return": 2.810813285209046,
    "uup_60d_return": 2.478450180588365,
    "eem_latest": 67.25,
    "eem_5d_return": -2.025057403858399,
    "eem_20d_return": -1.1702477619042417,
    "eem_60d_return": 22.46294595021716,
    "hyg_latest": 79.8499984741211,
    "hyg_5d_return": -0.2249160413861584,
    "hyg_20d_return": 0.09819400311710247,
    "hyg_60d_return": 2.986005017199278,
    "lqd_latest": 109.41000366210938,
    "lqd_5d_return": 0.2657632956634348,
    "lqd_20d_return": 0.9604294289133675,
    "lqd_60d_return": 2.869607215612535,
    "iwm_spy_20d_relative": 4.430008228587412,
    "eem_spy_20d_relative": 0.889605653212433,
    "qqq_spy_20d_relative": -0.5253360303999477,
    "sovereign_spread_change_bp": null
  },
  "metadata": {
    "items": {
      "us2y": {
        "group": "fred",
        "source": "FRED:DGS2",
        "latest_date": "2026-06-23",
        "freshness": "Acceptable",
        "error": null
      },
      "us10y": {
        "group": "fred",
        "source": "FRED:DGS10",
        "latest_date": "2026-06-23",
        "freshness": "Acceptable",
        "error": null
      },
      "us30y": {
        "group": "fred",
        "source": "FRED:DGS30",
        "latest_date": "2026-06-23",
        "freshness": "Acceptable",
        "error": null
      },
      "hy_oas": {
        "group": "fred",
        "source": "FRED:BAMLH0A0HYM2",
        "latest_date": "2026-06-23",
        "freshness": "Acceptable",
        "error": null
      },
      "ig_oas": {
        "group": "fred",
        "source": "FRED:BAMLC0A0CM",
        "latest_date": "2026-06-23",
        "freshness": "Acceptable",
        "error": null
      },
      "dxy": {
        "group": "yahoo",
        "source": "Yahoo:DX-Y.NYB",
        "latest_date": "2026-06-24",
        "freshness": "Fresh",
        "error": null
      },
      "spy": {
        "group": "yahoo",
        "source": "Yahoo:SPY",
        "latest_date": "2026-06-24",
        "freshness": "Fresh",
        "error": null
      },
      "qqq": {
        "group": "yahoo",
        "source": "Yahoo:QQQ",
        "latest_date": "2026-06-24",
        "freshness": "Fresh",
        "error": null
      },
      "iwm": {
        "group": "yahoo",
        "source": "Yahoo:IWM",
        "latest_date": "2026-06-24",
        "freshness": "Fresh",
        "error": null
      },
      "tlt": {
        "group": "yahoo",
        "source": "Yahoo:TLT",
        "latest_date": "2026-06-24",
        "freshness": "Fresh",
        "error": null
      },
      "uup": {
        "group": "yahoo",
        "source": "Yahoo:UUP",
        "latest_date": "2026-06-24",
        "freshness": "Fresh",
        "error": null
      },
      "eem": {
        "group": "yahoo",
        "source": "Yahoo:EEM",
        "latest_date": "2026-06-24",
        "freshness": "Fresh",
        "error": null
      },
      "hyg": {
        "group": "yahoo",
        "source": "Yahoo:HYG",
        "latest_date": "2026-06-24",
        "freshness": "Fresh",
        "error": null
      },
      "lqd": {
        "group": "yahoo",
        "source": "Yahoo:LQD",
        "latest_date": "2026-06-24",
        "freshness": "Fresh",
        "error": null
      }
    },
    "missing": [],
    "stale": [],
    "latest_market_date": "2026-06-24",
    "overall_freshness": "Fresh"
  },
  "rule_classification": {
    "scores": {
      "R0": 1,
      "R1": 2,
      "R2": 0,
      "R3": 0
    },
    "evidence": {
      "R0": [
        "10Y yield is high but not accelerating"
      ],
      "R1": [
        "DXY strengthened over 20D",
        "credit spread pressure is not yet disorderly"
      ],
      "R2": [],
      "R3": []
    },
    "signal_probability": {
      "R0": 0.2424713343705328,
      "R1": 0.5396298786278032,
      "R2": 0.10894939350083196,
      "R3": 0.10894939350083196
    },
    "markov_prior": {
      "R0": 0.55,
      "R1": 0.25,
      "R2": 0.06,
      "R3": 0.14
    },
    "posterior_probability": {
      "R0": 0.3501063673408463,
      "R1": 0.43825942110807214,
      "R2": 0.09181710577554078,
      "R3": 0.11981710577554078
    },
    "top_regime": "R1"
  },
  "student_t_filter": {
    "probability": {
      "R0": 0.8591510149499461,
      "R1": 0.07981874590995049,
      "R2": 0.061028035170302385,
      "R3": 2.203969801063843e-06
    },
    "diagnostics": {
      "method": "Student-t observation filter + Markov transition smoothing",
      "available_feature_count": 13,
      "required_min_rows": 80,
      "used": true,
      "warnings": [
        "State R2 has only 5 pseudo-labeled rows; using global robust scale."
      ],
      "usable_rows": 1270,
      "available_features": [
        "us10y_20d_change_bp",
        "us30y_20d_change_bp",
        "curve_10y2y",
        "curve_30y10y",
        "dxy_20d_return",
        "spy_20d_return",
        "qqq_20d_return",
        "iwm_spy_20d_relative",
        "eem_spy_20d_relative",
        "tlt_20d_return",
        "hyg_20d_return",
        "hy_oas_20d_change_bp",
        "ig_oas_20d_change_bp"
      ],
      "pseudo_label_counts": {
        "R0": 380,
        "R1": 731,
        "R2": 5,
        "R3": 154
      },
      "latest_log_likelihood": {
        "R0": -33.746867154272984,
        "R1": -35.35445466691809,
        "R2": -34.27523782546417,
        "R3": -45.28558342278369
      },
      "top_regime": "R0"
    }
  },
  "change_point": {
    "method": "robust trailing-window abnormality score",
    "used": true,
    "risk_score": 0.11199677857273463,
    "risk_level": "low",
    "distance": 1.2298936141372274,
    "warnings": [],
    "stress_vote_count": 0,
    "stress_vote_total": 8,
    "available_features": [
      "us10y_20d_change_bp",
      "us30y_20d_change_bp",
      "curve_10y2y",
      "curve_30y10y",
      "dxy_20d_return",
      "spy_20d_return",
      "qqq_20d_return",
      "iwm_spy_20d_relative",
      "eem_spy_20d_relative",
      "tlt_20d_return",
      "hyg_20d_return",
      "hy_oas_20d_change_bp",
      "ig_oas_20d_change_bp"
    ]
  },
  "ensemble": {
    "probability": {
      "R0": 0.5037931828751824,
      "R1": 0.31989330543067385,
      "R2": 0.08554255482360637,
      "R3": 0.09077095687053745
    },
    "top_regime": "R0",
    "weights": {
      "rule": 0.6,
      "stat": 0.3,