{
  "fetch_time_utc": "2026-05-30T08:41:43.411165+00:00",
  "previous_regime": "R0",
  "features": {
    "us2y_level": 3.99,
    "us10y_level": 4.45,
    "us30y_level": 4.98,
    "us10y_5d_change_bp": -12.00000000000001,
    "us10y_20d_change_bp": 3.000000000000025,
    "us10y_60d_change_bp": 36.00000000000003,
    "us30y_5d_change_bp": -12.99999999999999,
    "us30y_20d_change_bp": 0.0,
    "us30y_60d_change_bp": 26.000000000000068,
    "curve_10y2y": 0.45999999999999996,
    "curve_30y10y": 0.5300000000000002,
    "hy_oas_level": 2.72,
    "hy_oas_5d_change_bp": -5.999999999999961,
    "hy_oas_20d_change_bp": -10.999999999999988,
    "hy_oas_60d_change_bp": -27.99999999999998,
    "ig_oas_level": 0.73,
    "ig_oas_5d_change_bp": -2.0000000000000018,
    "ig_oas_20d_change_bp": -8.000000000000007,
    "ig_oas_60d_change_bp": -8.999999999999996,
    "dxy_latest": 98.91000366210938,
    "dxy_5d_return": -0.28228528319905744,
    "dxy_20d_return": 0.8462498119488071,
    "dxy_60d_return": 0.14175055563576677,
    "spy_latest": 756.47998046875,
    "spy_5d_return": 1.852651107872938,
    "spy_20d_return": 5.262573224822242,
    "spy_60d_return": 10.71562468930325,
    "qqq_latest": 738.3099975585938,
    "qqq_5d_return": 3.3309523264447582,
    "qqq_20d_return": 10.568485990999111,
    "qqq_60d_return": 21.038216508885842,
    "iwm_latest": 290.42999267578125,
    "iwm_5d_return": 2.8107199249143733,
    "iwm_20d_return": 4.4824950175774925,
    "iwm_60d_return": 11.150146091137936,
    "tlt_latest": 85.76000213623047,
    "tlt_5d_return": 1.8285453493306125,
    "tlt_20d_return": 0.5333823684742223,
    "tlt_60d_return": -3.061570763832633,
    "uup_latest": 27.65999984741211,
    "uup_5d_return": -0.25243309044271633,
    "uup_20d_return": 1.096488415088137,
    "uup_60d_return": 0.9120758897910086,
    "eem_latest": 68.5999984741211,
    "eem_5d_return": 3.8921698354324574,
    "eem_20d_return": 7.204245467625303,
    "eem_60d_return": 16.17273388729672,
    "hyg_latest": 80.30999755859375,
    "hyg_5d_return": 0.513136451670837,
    "hyg_20d_return": 0.4364615623003498,
    "hyg_60d_return": 0.8984671020558777,
    "lqd_latest": 109.36000061035156,
    "lqd_5d_return": 1.1001224568273127,
    "lqd_20d_return": 0.8623520659106543,
    "lqd_60d_return": -0.6580367208164795,
    "iwm_spy_20d_relative": -0.7800782072447499,
    "eem_spy_20d_relative": 1.9416722428030608,
    "qqq_spy_20d_relative": 5.305912766176869,
    "sovereign_spread_change_bp": null
  },
  "metadata": {
    "items": {
      "us2y": {
        "group": "fred",
        "source": "FRED:DGS2",
        "latest_date": "2026-05-28",
        "freshness": "Fresh",
        "error": null
      },
      "us10y": {
        "group": "fred",
        "source": "FRED:DGS10",
        "latest_date": "2026-05-28",
        "freshness": "Fresh",
        "error": null
      },
      "us30y": {
        "group": "fred",
        "source": "FRED:DGS30",
        "latest_date": "2026-05-28",
        "freshness": "Fresh",
        "error": null
      },
      "hy_oas": {
        "group": "fred",
        "source": "FRED:BAMLH0A0HYM2",
        "latest_date": "2026-05-28",
        "freshness": "Fresh",
        "error": null
      },
      "ig_oas": {
        "group": "fred",
        "source": "FRED:BAMLC0A0CM",
        "latest_date": "2026-05-28",
        "freshness": "Fresh",
        "error": null
      },
      "dxy": {
        "group": "yahoo",
        "source": "Yahoo:DX-Y.NYB",
        "latest_date": "2026-05-29",
        "freshness": "Fresh",
        "error": null
      },
      "spy": {
        "group": "yahoo",
        "source": "Yahoo:SPY",
        "latest_date": "2026-05-29",
        "freshness": "Fresh",
        "error": null
      },
      "qqq": {
        "group": "yahoo",
        "source": "Yahoo:QQQ",
        "latest_date": "2026-05-29",
        "freshness": "Fresh",
        "error": null
      },
      "iwm": {
        "group": "yahoo",
        "source": "Yahoo:IWM",
        "latest_date": "2026-05-29",
        "freshness": "Fresh",
        "error": null
      },
      "tlt": {
        "group": "yahoo",
        "source": "Yahoo:TLT",
        "latest_date": "2026-05-29",
        "freshness": "Fresh",
        "error": null
      },
      "uup": {
        "group": "yahoo",
        "source": "Yahoo:UUP",
        "latest_date": "2026-05-29",
        "freshness": "Fresh",
        "error": null
      },
      "eem": {
        "group": "yahoo",
        "source": "Yahoo:EEM",
        "latest_date": "2026-05-29",
        "freshness": "Fresh",
        "error": null
      },
      "hyg": {
        "group": "yahoo",
        "source": "Yahoo:HYG",
        "latest_date": "2026-05-29",
        "freshness": "Fresh",
        "error": null
      },
      "lqd": {
        "group": "yahoo",
        "source": "Yahoo:LQD",
        "latest_date": "2026-05-29",
        "freshness": "Fresh",
        "error": null
      }
    },
    "missing": [],
    "stale": [],
    "latest_market_date": "2026-05-29",
    "overall_freshness": "Fresh"
  },
  "rule_classification": {
    "scores": {
      "R0": 3,
      "R1": 1,
      "R2": 0,
      "R3": 1
    },
    "evidence": {
      "R0": [
        "10Y yield is high but not accelerating",
        "equity resilience with stable credit",
        "DXY is stable"
      ],
      "R1": [
        "credit spread pressure is not yet disorderly"
      ],
      "R2": [],
      "R3": [
        "SPY and QQQ rallied over 20D"
      ]
    },
    "signal_probability": {
      "R0": 0.6691151869566494,
      "R1": 0.1350920263838904,
      "R2": 0.06070076027556984,
      "R3": 0.1350920263838904
    },
    "markov_prior": {
      "R0": 0.55,
      "R1": 0.25,
      "R2": 0.06,
      "R3": 0.14
    },
    "posterior_probability": {
      "R0": 0.6274248715218221,
      "R1": 0.17530981714952876,
      "R2": 0.06045549417912039,
      "R3": 0.13680981714952878
    },
    "top_regime": "R0"
  },
  "student_t_filter": {
    "probability": {
      "R0": 0.9741473984089648,
      "R1": 0.008311293145012397,
      "R2": 0.017466999272633295,
      "R3": 7.430917338946027e-05
    },
    "diagnostics": {
      "method": "Student-t observation filter + Markov transition smoothing",
      "available_feature_count": 13,
      "required_min_rows": 80,
      "used": true,
      "warnings": [
        "State R2 has only 5 pseudo-labeled rows; using global robust scale."
      ],
      "usable_rows": 1270,
      "available_features": [
        "us10y_20d_change_bp",
        "us30y_20d_change_bp",
        "curve_10y2y",
        "curve_30y10y",
        "dxy_20d_return",
        "spy_20d_return",
        "qqq_20d_return",
        "iwm_spy_20d_relative",
        "eem_spy_20d_relative",
        "tlt_20d_return",
        "hyg_20d_return",
        "hy_oas_20d_change_bp",
        "ig_oas_20d_change_bp"
      ],
      "pseudo_label_counts": {
        "R0": 374,
        "R1": 733,
        "R2": 5,
        "R3": 158
      },
      "latest_log_likelihood": {
        "R0": -31.66288964378965,
        "R1": -35.646291466622756,
        "R2": -33.532559991882955,
        "R3": -39.798964592110536
      },
      "top_regime": "R0"
    }
  },
  "change_point": {
    "method": "robust trailing-window abnormality score",
    "used": true,
    "risk_score": 0.08880565452299735,
    "risk_level": "low",
    "distance": 1.051648984206652,
    "warnings": [],
    "stress_vote_count": 0,
    "stress_vote_total": 8,
    "available_features": [
      "us10y_20d_change_bp",
      "us30y_20d_change_bp",
      "curve_10y2y",
      "curve_30y10y",
      "dxy_20d_return",
      "spy_20d_return",
      "qqq_20d_return",
      "iwm_spy_20d_relative",
      "eem_spy_20d_relative",
      "tlt_20d_return",
      "hyg_20d_return",
      "hy_oas_20d_change_bp",
      "ig_oas_20d_change_bp"
    ]
  },
  "ensemble": {
    "probability": {
      "R0": 0.7051006406543687,
      "R1": 0.140880027342514,
      "R2": 0.05279920550661312,