{
  "fetch_time_utc": "2026-06-13T10:12:53.845593+00:00",
  "previous_regime": "R0",
  "features": {
    "us2y_level": null,
    "us10y_level": null,
    "us30y_level": null,
    "us10y_5d_change_bp": null,
    "us10y_20d_change_bp": null,
    "us10y_60d_change_bp": null,
    "us30y_5d_change_bp": null,
    "us30y_20d_change_bp": null,
    "us30y_60d_change_bp": null,
    "curve_10y2y": null,
    "curve_30y10y": null,
    "hy_oas_level": 2.78,
    "hy_oas_5d_change_bp": 3.999999999999959,
    "hy_oas_20d_change_bp": -2.0000000000000018,
    "hy_oas_60d_change_bp": -46.00000000000004,
    "ig_oas_level": 0.75,
    "ig_oas_5d_change_bp": 1.0000000000000009,
    "ig_oas_20d_change_bp": 0.0,
    "ig_oas_60d_change_bp": -13.0,
    "dxy_latest": 99.75,
    "dxy_5d_return": -0.31977585270320796,
    "dxy_20d_return": 0.8798571710639358,
    "dxy_60d_return": -0.33969062876457734,
    "spy_latest": 741.75,
    "spy_5d_return": 0.5694545829495912,
    "spy_20d_return": -0.8580914841283094,
    "spy_60d_return": 12.449652338583528,
    "qqq_latest": 721.3400268554688,
    "qqq_5d_return": 2.3090275087578105,
    "qqq_20d_return": 0.21534737568493778,
    "qqq_60d_return": 21.406877018065916,
    "iwm_latest": 292.95001220703125,
    "iwm_5d_return": 4.012078308334699,
    "iwm_20d_return": 2.988222758033654,
    "iwm_60d_return": 19.075687797564832,
    "tlt_latest": 85.7699966430664,
    "tlt_5d_return": 0.8347038618047975,
    "tlt_20d_return": 1.3982109718341906,
    "tlt_60d_return": -0.21775023436575447,
    "uup_latest": 27.950000762939453,
    "uup_5d_return": -0.24982046281453174,
    "uup_20d_return": 1.1947860741455818,
    "uup_60d_return": 0.3590677921005092,
    "eem_latest": 67.87999725341797,
    "eem_5d_return": 5.093669456669914,
    "eem_20d_return": 0.7420599886929224,
    "eem_60d_return": 17.929109857380297,
    "hyg_latest": 79.94000244140625,
    "hyg_5d_return": 0.6420774698111531,
    "hyg_20d_return": 0.6251729842449594,
    "hyg_60d_return": 2.2191073387374693,
    "lqd_latest": 109.01000213623047,
    "lqd_5d_return": 0.7765591028051855,
    "lqd_20d_return": 0.8044512063699161,
    "lqd_60d_return": 1.4658556779307386,
    "iwm_spy_20d_relative": 3.8463142421619634,
    "eem_spy_20d_relative": 1.6001514728212318,
    "qqq_spy_20d_relative": 1.0734388598132472,
    "sovereign_spread_change_bp": null
  },
  "metadata": {
    "items": {
      "us2y": {
        "group": "fred",
        "source": "FRED:DGS2",
        "latest_date": null,
        "freshness": "Missing",
        "error": "HTTP Error 504: Gateway Time-out"
      },
      "us10y": {
        "group": "fred",
        "source": "FRED:DGS10",
        "latest_date": null,
        "freshness": "Missing",
        "error": "HTTP Error 504: Gateway Time-out"
      },
      "us30y": {
        "group": "fred",
        "source": "FRED:DGS30",
        "latest_date": null,
        "freshness": "Missing",
        "error": "HTTP Error 504: Gateway Time-out"
      },
      "hy_oas": {
        "group": "fred",
        "source": "FRED:BAMLH0A0HYM2",
        "latest_date": "2026-06-11",
        "freshness": "Fresh",
        "error": null
      },
      "ig_oas": {
        "group": "fred",
        "source": "FRED:BAMLC0A0CM",
        "latest_date": "2026-06-11",
        "freshness": "Fresh",
        "error": null
      },
      "dxy": {
        "group": "yahoo",
        "source": "Yahoo:DX-Y.NYB",
        "latest_date": "2026-06-12",
        "freshness": "Fresh",
        "error": null
      },
      "spy": {
        "group": "yahoo",
        "source": "Yahoo:SPY",
        "latest_date": "2026-06-12",
        "freshness": "Fresh",
        "error": null
      },
      "qqq": {
        "group": "yahoo",
        "source": "Yahoo:QQQ",
        "latest_date": "2026-06-12",
        "freshness": "Fresh",
        "error": null
      },
      "iwm": {
        "group": "yahoo",
        "source": "Yahoo:IWM",
        "latest_date": "2026-06-12",
        "freshness": "Fresh",
        "error": null
      },
      "tlt": {
        "group": "yahoo",
        "source": "Yahoo:TLT",
        "latest_date": "2026-06-12",
        "freshness": "Fresh",
        "error": null
      },
      "uup": {
        "group": "yahoo",
        "source": "Yahoo:UUP",
        "latest_date": "2026-06-12",
        "freshness": "Fresh",
        "error": null
      },
      "eem": {
        "group": "yahoo",
        "source": "Yahoo:EEM",
        "latest_date": "2026-06-12",
        "freshness": "Fresh",
        "error": null
      },
      "hyg": {
        "group": "yahoo",
        "source": "Yahoo:HYG",
        "latest_date": "2026-06-12",
        "freshness": "Fresh",
        "error": null
      },
      "lqd": {
        "group": "yahoo",
        "source": "Yahoo:LQD",
        "latest_date": "2026-06-12",
        "freshness": "Fresh",
        "error": null
      }
    },
    "missing": [
      "us2y",
      "us10y",
      "us30y"
    ],
    "stale": [],
    "latest_market_date": "2026-06-12",
    "overall_freshness": "Fresh"
  },
  "rule_classification": {
    "scores": {
      "R0": 1,
      "R1": 1,
      "R2": 0,
      "R3": 0
    },
    "evidence": {
      "R0": [
        "DXY is stable"
      ],
      "R1": [
        "credit spread pressure is not yet disorderly"
      ],
      "R2": [],
      "R3": []
    },
    "signal_probability": {
      "R0": 0.34498724056380625,
      "R1": 0.34498724056380625,
      "R2": 0.15501275943619378,
      "R3": 0.15501275943619378
    },
    "markov_prior": {
      "R0": 0.55,
      "R1": 0.25,
      "R2": 0.06,
      "R3": 0.14
    },
    "posterior_probability": {
      "R0": 0.41674170636647406,
      "R1": 0.311741706366474,
      "R2": 0.12175829363352594,
      "R3": 0.14975829363352594
    },
    "top_regime": "R0"
  },
  "student_t_filter": {
    "probability": {
      "R0": 0.9780792778460452,
      "R1": 0.013227741848366297,
      "R2": 0.008685296213722058,
      "R3": 7.684091866487543e-06
    },
    "diagnostics": {
      "method": "Student-t observation filter + Markov transition smoothing",
      "available_feature_count": 9,
      "required_min_rows": 80,
      "used": true,
      "warnings": [
        "State R2 has only 6 pseudo-labeled rows; using global robust scale."
      ],
      "usable_rows": 1271,
      "available_features": [
        "dxy_20d_return",
        "spy_20d_return",
        "qqq_20d_return",
        "iwm_spy_20d_relative",
        "eem_spy_20d_relative",
        "tlt_20d_return",
        "hyg_20d_return",
        "hy_oas_20d_change_bp",
        "ig_oas_20d_change_bp"
      ],
      "pseudo_label_counts": {
        "R0": 403,
        "R1": 723,
        "R2": 6,
        "R3": 139
      },
      "latest_log_likelihood": {
        "R0": -20.554646485595697,
        "R1": -24.138418523376423,
        "R2": -23.337267854820375,
        "R3": -31.03507473454363
      },
      "top_regime": "R0"
    }
  },
  "change_point": {
    "method": "robust trailing-window abnormality score",
    "used": true,
    "risk_score": 0.050853717695987545,
    "risk_level": "low",
    "distance": 0.6467408436019721,
    "warnings": [],
    "stress_vote_count": 0,
    "stress_vote_total": 8,
    "available_features": [
      "dxy_20d_return",
      "spy_20d_return",
      "qqq_20d_return",
      "iwm_spy_20d_relative",
      "eem_spy_20d_relative",
      "tlt_20d_return",
      "hyg_20d_return",
      "hy_oas_20d_change_bp",
      "ig_oas_20d_change_bp"
    ]
  },
  "ensemble": {
    "probability": {
      "R0": 0.5805534402551703,
      "R1": 0.22455566291513043,
      "R2": 0.08554215259898375,
      "R3": 0.10934874423071565
    },
    "top_regime": "R0",
    "weights": {
      "rule": 0.6,
      "stat": 0.3,
      "change": 0.1
    },
    "change_risk_prior": {
      "R0": 0.37084633081472224,
      "R1": 0.33542316540736117,
      "R2": 0.09881587554751539,
      "R3": 0.19491462823040126
    }
  },
  "alerts": {
    "R1 continuation": "not confirmed",