{
  "fetch_time_utc": "2026-07-02T01:29:29.104460+00:00",
  "previous_regime": "R1",
  "features": {
    "us2y_level": 4.14,
    "us10y_level": 4.44,
    "us30y_level": 4.91,
    "us10y_5d_change_bp": -5.999999999999961,
    "us10y_20d_change_bp": -2.999999999999936,
    "us10y_60d_change_bp": 9.000000000000075,
    "us30y_5d_change_bp": -3.000000000000025,
    "us30y_20d_change_bp": -8.000000000000007,
    "us30y_60d_change_bp": 0.0,
    "curve_10y2y": 0.3000000000000007,
    "curve_30y10y": 0.46999999999999975,
    "hy_oas_level": 2.75,
    "hy_oas_5d_change_bp": 4.0000000000000036,
    "hy_oas_20d_change_bp": 4.0000000000000036,
    "hy_oas_60d_change_bp": -18.999999999999993,
    "ig_oas_level": 0.76,
    "ig_oas_5d_change_bp": 2.0000000000000018,
    "ig_oas_20d_change_bp": 2.0000000000000018,
    "ig_oas_60d_change_bp": -6.999999999999995,
    "dxy_latest": 101.39700317382812,
    "dxy_5d_return": -0.20962251278811017,
    "dxy_20d_return": 2.194116031386173,
    "dxy_60d_return": 1.4172832259624624,
    "spy_latest": 745.760009765625,
    "spy_5d_return": 1.7074927306198973,
    "spy_20d_return": -1.5651966833958753,
    "spy_60d_return": 13.468994911669284,
    "qqq_latest": 725.1699829101562,
    "qqq_5d_return": 2.0475061063500277,
    "qqq_20d_return": -2.706264870515196,
    "qqq_60d_return": 23.358857486969708,
    "iwm_latest": 299.32000732421875,
    "iwm_5d_return": 0.8864487718395209,
    "iwm_20d_return": 2.8704042533799212,
    "iwm_60d_return": 18.890400321756616,
    "tlt_latest": 85.5199966430664,
    "tlt_5d_return": -1.7671658051970685,
    "tlt_20d_return": 0.216977940471752,
    "tlt_60d_return": -0.18271925865794847,
    "uup_latest": 28.489999771118164,
    "uup_5d_return": -0.14020650040176275,
    "uup_20d_return": 2.6296813264317986,
    "uup_60d_return": 2.3715409601920534,
    "eem_latest": 66.4800033569336,
    "eem_5d_return": -1.144976420916588,
    "eem_20d_return": -5.613636090374774,
    "eem_60d_return": 17.011989890175204,
    "hyg_latest": 79.58999633789062,
    "hyg_5d_return": 0.13643947679577995,
    "hyg_20d_return": 0.07376972908570423,
    "hyg_60d_return": 1.3668465166825072,
    "lqd_latest": 108.45999908447266,
    "lqd_5d_return": -0.5198888229781096,
    "lqd_20d_return": -0.07235159628301568,
    "lqd_60d_return": 0.6719052249711588,
    "iwm_spy_20d_relative": 4.4356009367757965,
    "eem_spy_20d_relative": -4.048439406978899,
    "qqq_spy_20d_relative": -1.1410681871193207,
    "sovereign_spread_change_bp": null
  },
  "metadata": {
    "items": {
      "us2y": {
        "group": "fred",
        "source": "FRED:DGS2",
        "latest_date": "2026-06-30",
        "freshness": "Acceptable",
        "error": null
      },
      "us10y": {
        "group": "fred",
        "source": "FRED:DGS10",
        "latest_date": "2026-06-30",
        "freshness": "Acceptable",
        "error": null
      },
      "us30y": {
        "group": "fred",
        "source": "FRED:DGS30",
        "latest_date": "2026-06-30",
        "freshness": "Acceptable",
        "error": null
      },
      "hy_oas": {
        "group": "fred",
        "source": "FRED:BAMLH0A0HYM2",
        "latest_date": "2026-06-30",
        "freshness": "Acceptable",
        "error": null
      },
      "ig_oas": {
        "group": "fred",
        "source": "FRED:BAMLC0A0CM",
        "latest_date": "2026-06-30",
        "freshness": "Acceptable",
        "error": null
      },
      "dxy": {
        "group": "yahoo",
        "source": "Yahoo:DX-Y.NYB",
        "latest_date": "2026-07-01",
        "freshness": "Fresh",
        "error": null
      },
      "spy": {
        "group": "yahoo",
        "source": "Yahoo:SPY",
        "latest_date": "2026-07-01",
        "freshness": "Fresh",
        "error": null
      },
      "qqq": {
        "group": "yahoo",
        "source": "Yahoo:QQQ",
        "latest_date": "2026-07-01",
        "freshness": "Fresh",
        "error": null
      },
      "iwm": {
        "group": "yahoo",
        "source": "Yahoo:IWM",
        "latest_date": "2026-07-01",
        "freshness": "Fresh",
        "error": null
      },
      "tlt": {
        "group": "yahoo",
        "source": "Yahoo:TLT",
        "latest_date": "2026-07-01",
        "freshness": "Fresh",
        "error": null
      },
      "uup": {
        "group": "yahoo",
        "source": "Yahoo:UUP",
        "latest_date": "2026-07-01",
        "freshness": "Fresh",
        "error": null
      },
      "eem": {
        "group": "yahoo",
        "source": "Yahoo:EEM",
        "latest_date": "2026-07-01",
        "freshness": "Fresh",
        "error": null
      },
      "hyg": {
        "group": "yahoo",
        "source": "Yahoo:HYG",
        "latest_date": "2026-07-01",
        "freshness": "Fresh",
        "error": null
      },
      "lqd": {
        "group": "yahoo",
        "source": "Yahoo:LQD",
        "latest_date": "2026-07-01",
        "freshness": "Fresh",
        "error": null
      }
    },
    "missing": [],
    "stale": [],
    "latest_market_date": "2026-07-01",
    "overall_freshness": "Fresh"
  },
  "rule_classification": {
    "scores": {
      "R0": 1,
      "R1": 3,
      "R2": 0,
      "R3": 0
    },
    "evidence": {
      "R0": [
        "10Y yield is high but not accelerating"
      ],
      "R1": [
        "DXY strengthened over 20D",
        "EEM underperformed SPY over 20D",
        "credit spread pressure is not yet disorderly"
      ],
      "R2": [],
      "R3": []
    },
    "signal_probability": {
      "R0": 0.14594938599585397,
      "R1": 0.7228920411580229,
      "R2": 0.06557928642306159,
      "R3": 0.06557928642306159
    },
    "markov_prior": {
      "R0": 0.25,
      "R1": 0.43,
      "R2": 0.18,
      "R3": 0.14
    },
    "posterior_probability": {
      "R0": 0.18236710089730507,
      "R1": 0.6203798267527149,
      "R2": 0.10562653617499004,
      "R3": 0.09162653617499003
    },
    "top_regime": "R1"
  },
  "student_t_filter": {
    "probability": {
      "R0": 0.10865159851023018,
      "R1": 0.28989649231910153,
      "R2": 0.601450270644699,
      "R3": 1.6385259693618778e-06
    },
    "diagnostics": {
      "method": "Student-t observation filter + Markov transition smoothing",
      "available_feature_count": 13,
      "required_min_rows": 80,
      "used": true,
      "warnings": [
        "State R2 has only 5 pseudo-labeled rows; using global robust scale."
      ],
      "usable_rows": 1270,
      "available_features": [
        "us10y_20d_change_bp",
        "us30y_20d_change_bp",
        "curve_10y2y",
        "curve_30y10y",
        "dxy_20d_return",
        "spy_20d_return",
        "qqq_20d_return",
        "iwm_spy_20d_relative",
        "eem_spy_20d_relative",
        "tlt_20d_return",
        "hyg_20d_return",
        "hy_oas_20d_change_bp",
        "ig_oas_20d_change_bp"
      ],
      "pseudo_label_counts": {
        "R0": 381,
        "R1": 731,
        "R2": 5,
        "R3": 153
      },
      "latest_log_likelihood": {
        "R0": -35.8498521462459,
        "R1": -34.83607642381988,
        "R2": -34.280133630971726,
        "R3": -47.06151679459
      },
      "top_regime": "R2"
    }
  },
  "change_point": {
    "method": "robust trailing-window abnormality score",
    "used": true,
    "risk_score": 0.14185746374529667,
    "risk_level": "low",
    "distance": 1.1272615650528777,
    "warnings": [],
    "stress_vote_count": 1,
    "stress_vote_total": 8,
    "available_features": [
      "us10y_20d_change_bp",
      "us30y_20d_change_bp",
      "curve_10y2y",
      "curve_30y10y",
      "dxy_20d_return",
      "spy_20d_return",
      "qqq_20d_return",
      "iwm_spy_20d_relative",
      "eem_spy_20d_relative",
      "tlt_20d_return",
      "hyg_20d_return",
      "hy_oas_20d_change_bp",
      "ig_oas_20d_change_bp"
    ]
  },
  "ensemble": {
    "probability": {
      "R0": 0.17746230574403676,
      "R1": 0.4919201265736517,
      "R2": 0.2570597290569797,