{
  "fetch_time_utc": "2026-07-08T00:57:23.034915+00:00",
  "previous_regime": "R0",
  "features": {
    "us2y_level": 4.13,
    "us10y_level": 4.48,
    "us30y_level": 4.99,
    "us10y_5d_change_bp": 10.000000000000053,
    "us10y_20d_change_bp": 1.0000000000000675,
    "us10y_60d_change_bp": 19.00000000000004,
    "us30y_5d_change_bp": 12.00000000000001,
    "us30y_20d_change_bp": 2.000000000000046,
    "us30y_60d_change_bp": 10.000000000000053,
    "curve_10y2y": 0.35000000000000053,
    "curve_30y10y": 0.5099999999999998,
    "hy_oas_level": 2.72,
    "hy_oas_5d_change_bp": -7.999999999999963,
    "hy_oas_20d_change_bp": -2.9999999999999805,
    "hy_oas_60d_change_bp": -11.999999999999966,
    "ig_oas_level": 0.75,
    "ig_oas_5d_change_bp": -1.0000000000000009,
    "ig_oas_20d_change_bp": 0.0,
    "ig_oas_60d_change_bp": -6.000000000000005,
    "dxy_latest": 101.1240005493164,
    "dxy_5d_return": 0.013846245554671732,
    "dxy_20d_return": 1.0532635732052542,
    "dxy_60d_return": 2.331512711604322,
    "spy_latest": 747.7100219726562,
    "spy_5d_return": 0.9055360286985392,
    "spy_20d_return": 1.6387084077548408,
    "spy_60d_return": 10.255233092911364,
    "qqq_latest": 709.4299926757812,
    "qqq_5d_return": -2.0232604226453454,
    "qqq_20d_return": 0.7303825228862637,
    "qqq_60d_return": 16.39154692606799,
    "iwm_latest": 296.19000244140625,
    "iwm_5d_return": -0.9298587710961148,
    "iwm_20d_return": 5.412529375073505,
    "iwm_60d_return": 13.335770020342053,
    "tlt_latest": 84.55000305175781,
    "tlt_5d_return": -2.9590892103269484,
    "tlt_20d_return": -0.23245494514338993,
    "tlt_60d_return": -1.7581978624828687,
    "uup_latest": 28.399999618530273,
    "uup_5d_return": 0.10574119989235076,
    "uup_20d_return": 1.356171144034768,
    "uup_60d_return": 3.3478897074940672,
    "eem_latest": 65.72000122070312,
    "eem_5d_return": -2.5359618518960625,
    "eem_20d_return": 2.2783693122100157,
    "eem_60d_return": 9.591236316285979,
    "hyg_latest": 79.76000213623047,
    "hyg_5d_return": 0.14965492287770665,
    "hyg_20d_return": 0.8809506118396149,
    "hyg_60d_return": 0.3358572051179287,
    "lqd_latest": 107.87999725341797,
    "lqd_5d_return": -1.3134411483894715,
    "lqd_20d_return": 0.08242262642299547,
    "lqd_60d_return": -0.7365896210129952,
    "iwm_spy_20d_relative": 3.773820967318664,
    "eem_spy_20d_relative": 0.6396609044551749,
    "qqq_spy_20d_relative": -0.9083258848685771,
    "sovereign_spread_change_bp": null
  },
  "metadata": {
    "items": {
      "us2y": {
        "group": "fred",
        "source": "FRED:DGS2",
        "latest_date": "2026-07-06",
        "freshness": "Acceptable",
        "error": null
      },
      "us10y": {
        "group": "fred",
        "source": "FRED:DGS10",
        "latest_date": "2026-07-06",
        "freshness": "Acceptable",
        "error": null
      },
      "us30y": {
        "group": "fred",
        "source": "FRED:DGS30",
        "latest_date": "2026-07-06",
        "freshness": "Acceptable",
        "error": null
      },
      "hy_oas": {
        "group": "fred",
        "source": "FRED:BAMLH0A0HYM2",
        "latest_date": "2026-07-06",
        "freshness": "Acceptable",
        "error": null
      },
      "ig_oas": {
        "group": "fred",
        "source": "FRED:BAMLC0A0CM",
        "latest_date": "2026-07-06",
        "freshness": "Acceptable",
        "error": null
      },
      "dxy": {
        "group": "yahoo",
        "source": "Yahoo:DX-Y.NYB",
        "latest_date": "2026-07-07",
        "freshness": "Fresh",
        "error": null
      },
      "spy": {
        "group": "yahoo",
        "source": "Yahoo:SPY",
        "latest_date": "2026-07-07",
        "freshness": "Fresh",
        "error": null
      },
      "qqq": {
        "group": "yahoo",
        "source": "Yahoo:QQQ",
        "latest_date": "2026-07-07",
        "freshness": "Fresh",
        "error": null
      },
      "iwm": {
        "group": "yahoo",
        "source": "Yahoo:IWM",
        "latest_date": "2026-07-07",
        "freshness": "Fresh",
        "error": null
      },
      "tlt": {
        "group": "yahoo",
        "source": "Yahoo:TLT",
        "latest_date": "2026-07-07",
        "freshness": "Fresh",
        "error": null
      },
      "uup": {
        "group": "yahoo",
        "source": "Yahoo:UUP",
        "latest_date": "2026-07-07",
        "freshness": "Fresh",
        "error": null
      },
      "eem": {
        "group": "yahoo",
        "source": "Yahoo:EEM",
        "latest_date": "2026-07-07",
        "freshness": "Fresh",
        "error": null
      },
      "hyg": {
        "group": "yahoo",
        "source": "Yahoo:HYG",
        "latest_date": "2026-07-07",
        "freshness": "Fresh",
        "error": null
      },
      "lqd": {
        "group": "yahoo",
        "source": "Yahoo:LQD",
        "latest_date": "2026-07-07",
        "freshness": "Fresh",
        "error": null
      }
    },
    "missing": [],
    "stale": [],
    "latest_market_date": "2026-07-07",
    "overall_freshness": "Fresh"
  },
  "rule_classification": {
    "scores": {
      "R0": 2,
      "R1": 2,
      "R2": 0,
      "R3": 0
    },
    "evidence": {
      "R0": [
        "10Y yield is high but not accelerating",
        "equity resilience with stable credit"
      ],
      "R1": [
        "DXY strengthened over 20D",
        "credit spread pressure is not yet disorderly"
      ],
      "R2": [],
      "R3": []
    },
    "signal_probability": {
      "R0": 0.4160091925669623,
      "R1": 0.4160091925669623,
      "R2": 0.08399080743303776,
      "R3": 0.08399080743303776
    },
    "markov_prior": {
      "R0": 0.55,
      "R1": 0.25,
      "R2": 0.06,
      "R3": 0.14
    },
    "posterior_probability": {
      "R0": 0.4629059751685255,
      "R1": 0.3579059751685255,
      "R2": 0.07559402483147454,
      "R3": 0.10359402483147455
    },
    "top_regime": "R0"
  },
  "student_t_filter": {
    "probability": {
      "R0": 0.999680260621131,
      "R1": 0.00011121851232405675,
      "R2": 0.00020843638375227192,
      "R3": 8.448279261702089e-08
    },
    "diagnostics": {
      "method": "Student-t observation filter + Markov transition smoothing",
      "available_feature_count": 13,
      "required_min_rows": 80,
      "used": true,
      "warnings": [
        "State R2 has only 5 pseudo-labeled rows; using global robust scale."
      ],
      "usable_rows": 1270,
      "available_features": [
        "us10y_20d_change_bp",
        "us30y_20d_change_bp",
        "curve_10y2y",
        "curve_30y10y",
        "dxy_20d_return",
        "spy_20d_return",
        "qqq_20d_return",
        "iwm_spy_20d_relative",
        "eem_spy_20d_relative",
        "tlt_20d_return",
        "hyg_20d_return",
        "hy_oas_20d_change_bp",
        "ig_oas_20d_change_bp"
      ],
      "pseudo_label_counts": {
        "R0": 380,
        "R1": 732,
        "R2": 5,
        "R3": 153
      },
      "latest_log_likelihood": {
        "R0": -25.58250365951153,
        "R1": -33.90401488149319,
        "R2": -31.87334951534364,
        "R3": -40.51071396494685
      },
      "top_regime": "R0"
    }
  },
  "change_point": {
    "method": "robust trailing-window abnormality score",
    "used": true,
    "risk_score": 0.053486711242328046,
    "risk_level": "low",
    "distance": 0.682415615322707,
    "warnings": [],
    "stress_vote_count": 0,
    "stress_vote_total": 8,
    "available_features": [
      "us10y_20d_change_bp",
      "us30y_20d_change_bp",
      "curve_10y2y",
      "curve_30y10y",
      "dxy_20d_return",
      "spy_20d_return",
      "qqq_20d_return",
      "iwm_spy_20d_relative",
      "eem_spy_20d_relative",
      "tlt_20d_return",
      "hyg_20d_return",
      "hy_oas_20d_change_bp",
      "ig_oas_20d_change_bp"
    ]
  },
  "ensemble": {
    "probability": {
      "R0": 0.6146849024850927,
      "R1": 0.24829557025363155,
      "R2": 0.05539795412997654,