{
  "fetch_time_utc": "2026-06-12T12:06:27.473343+00:00",
  "previous_regime": "R1",
  "features": {
    "us2y_level": null,
    "us10y_level": null,
    "us30y_level": null,
    "us10y_5d_change_bp": null,
    "us10y_20d_change_bp": null,
    "us10y_60d_change_bp": null,
    "us30y_5d_change_bp": null,
    "us30y_20d_change_bp": null,
    "us30y_60d_change_bp": null,
    "curve_10y2y": null,
    "curve_30y10y": null,
    "hy_oas_level": 2.8,
    "hy_oas_5d_change_bp": 4.999999999999982,
    "hy_oas_20d_change_bp": 4.0000000000000036,
    "hy_oas_60d_change_bp": -47.00000000000002,
    "ig_oas_level": 0.75,
    "ig_oas_5d_change_bp": 1.0000000000000009,
    "ig_oas_20d_change_bp": -1.0000000000000009,
    "ig_oas_60d_change_bp": -15.000000000000002,
    "dxy_latest": 99.76799774169922,
    "dxy_5d_return": -0.3017907005556042,
    "dxy_20d_return": 0.898058771184429,
    "dxy_60d_return": -0.32170906980991676,
    "spy_latest": 737.760009765625,
    "spy_5d_return": -2.553199276726692,
    "spy_20d_return": -0.6129498198775951,
    "spy_60d_return": 10.284125693754454,
    "qqq_latest": 717.1199951171875,
    "qqq_5d_return": -3.171708550921637,
    "qqq_20d_return": 0.3371959354759868,
    "qqq_60d_return": 19.014143072509903,
    "iwm_latest": 290.4100036621094,
    "iwm_5d_return": -0.5479285127245603,
    "iwm_20d_return": 2.7381716725158656,
    "iwm_60d_return": 16.140771892731177,
    "tlt_latest": 85.9800033569336,
    "tlt_5d_return": 0.5614074350100529,
    "tlt_20d_return": 1.7903131855809162,
    "tlt_60d_return": -0.533898225799645,
    "uup_latest": 27.950000762939453,
    "uup_5d_return": 0.3951171327178926,
    "uup_20d_return": 1.5994203213261837,
    "uup_60d_return": 0.9754351690277385,
    "eem_latest": 67.5,
    "eem_5d_return": -2.3154826475434986,
    "eem_20d_return": 0.4314847782736164,
    "eem_60d_return": 14.893617021276606,
    "hyg_latest": 79.94000244140625,
    "hyg_5d_return": 0.13779357112424506,
    "hyg_20d_return": 0.5496120529453918,
    "hyg_60d_return": 1.6939815452416962,
    "lqd_latest": 109.08000183105469,
    "lqd_5d_return": 0.21130304102694453,
    "lqd_20d_return": 0.8041795706562826,
    "lqd_60d_return": 0.9829450380123284,
    "iwm_spy_20d_relative": 3.3511214923934607,
    "eem_spy_20d_relative": 1.0444345981512115,
    "qqq_spy_20d_relative": 0.9501457553535819,
    "sovereign_spread_change_bp": null
  },
  "metadata": {
    "items": {
      "us2y": {
        "group": "fred",
        "source": "FRED:DGS2",
        "latest_date": null,
        "freshness": "Missing",
        "error": "HTTP Error 504: Gateway Time-out"
      },
      "us10y": {
        "group": "fred",
        "source": "FRED:DGS10",
        "latest_date": null,
        "freshness": "Missing",
        "error": "HTTP Error 504: Gateway Time-out"
      },
      "us30y": {
        "group": "fred",
        "source": "FRED:DGS30",
        "latest_date": null,
        "freshness": "Missing",
        "error": "HTTP Error 504: Gateway Time-out"
      },
      "hy_oas": {
        "group": "fred",
        "source": "FRED:BAMLH0A0HYM2",
        "latest_date": "2026-06-10",
        "freshness": "Acceptable",
        "error": null
      },
      "ig_oas": {
        "group": "fred",
        "source": "FRED:BAMLC0A0CM",
        "latest_date": "2026-06-10",
        "freshness": "Acceptable",
        "error": null
      },
      "dxy": {
        "group": "yahoo",
        "source": "Yahoo:DX-Y.NYB",
        "latest_date": "2026-06-12",
        "freshness": "Fresh",
        "error": null
      },
      "spy": {
        "group": "yahoo",
        "source": "Yahoo:SPY",
        "latest_date": "2026-06-11",
        "freshness": "Fresh",
        "error": null
      },
      "qqq": {
        "group": "yahoo",
        "source": "Yahoo:QQQ",
        "latest_date": "2026-06-11",
        "freshness": "Fresh",
        "error": null
      },
      "iwm": {
        "group": "yahoo",
        "source": "Yahoo:IWM",
        "latest_date": "2026-06-11",
        "freshness": "Fresh",
        "error": null
      },
      "tlt": {
        "group": "yahoo",
        "source": "Yahoo:TLT",
        "latest_date": "2026-06-11",
        "freshness": "Fresh",
        "error": null
      },
      "uup": {
        "group": "yahoo",
        "source": "Yahoo:UUP",
        "latest_date": "2026-06-11",
        "freshness": "Fresh",
        "error": null
      },
      "eem": {
        "group": "yahoo",
        "source": "Yahoo:EEM",
        "latest_date": "2026-06-11",
        "freshness": "Fresh",
        "error": null
      },
      "hyg": {
        "group": "yahoo",
        "source": "Yahoo:HYG",
        "latest_date": "2026-06-11",
        "freshness": "Fresh",
        "error": null
      },
      "lqd": {
        "group": "yahoo",
        "source": "Yahoo:LQD",
        "latest_date": "2026-06-11",
        "freshness": "Fresh",
        "error": null
      }
    },
    "missing": [
      "us2y",
      "us10y",
      "us30y"
    ],
    "stale": [],
    "latest_market_date": "2026-06-12",
    "overall_freshness": "Fresh"
  },
  "rule_classification": {
    "scores": {
      "R0": 1,
      "R1": 1,
      "R2": 0,
      "R3": 0
    },
    "evidence": {
      "R0": [
        "DXY is stable"
      ],
      "R1": [
        "credit spread pressure is not yet disorderly"
      ],
      "R2": [],
      "R3": []
    },
    "signal_probability": {
      "R0": 0.34498724056380625,
      "R1": 0.34498724056380625,
      "R2": 0.15501275943619378,
      "R3": 0.15501275943619378
    },
    "markov_prior": {
      "R0": 0.25,
      "R1": 0.43,
      "R2": 0.18,
      "R3": 0.14
    },
    "posterior_probability": {
      "R0": 0.311741706366474,
      "R1": 0.3747417063664741,
      "R2": 0.16375829363352595,
      "R3": 0.14975829363352594
    },
    "top_regime": "R1"
  },
  "student_t_filter": {
    "probability": {
      "R0": 0.9762884256185429,
      "R1": 0.014111455695555936,
      "R2": 0.009590230924876856,
      "R3": 9.887761024326819e-06
    },
    "diagnostics": {
      "method": "Student-t observation filter + Markov transition smoothing",
      "available_feature_count": 9,
      "required_min_rows": 80,
      "used": true,
      "warnings": [
        "State R2 has only 6 pseudo-labeled rows; using global robust scale."
      ],
      "usable_rows": 1271,
      "available_features": [
        "dxy_20d_return",
        "spy_20d_return",
        "qqq_20d_return",
        "iwm_spy_20d_relative",
        "eem_spy_20d_relative",
        "tlt_20d_return",
        "hyg_20d_return",
        "hy_oas_20d_change_bp",
        "ig_oas_20d_change_bp"
      ],
      "pseudo_label_counts": {
        "R0": 403,
        "R1": 723,
        "R2": 6,
        "R3": 139
      },
      "latest_log_likelihood": {
        "R0": -20.33954684606629,
        "R1": -23.864155078318174,
        "R2": -23.049023860256092,
        "R3": -30.576707474820036
      },
      "top_regime": "R0"
    }
  },
  "change_point": {
    "method": "robust trailing-window abnormality score",
    "used": true,
    "risk_score": 0.04946327157315974,
    "risk_level": "low",
    "distance": 0.6272142919622334,
    "warnings": [],
    "stress_vote_count": 0,
    "stress_vote_total": 8,
    "available_features": [
      "dxy_20d_return",
      "spy_20d_return",
      "qqq_20d_return",
      "iwm_spy_20d_relative",
      "eem_spy_20d_relative",
      "tlt_20d_return",
      "hyg_20d_return",
      "hy_oas_20d_change_bp",
      "ig_oas_20d_change_bp"
    ]
  },
  "ensemble": {
    "probability": {
      "R0": 0.5170412126171305,
      "R1": 0.2626332910843928,
      "R2": 0.11096218650578556,
      "R3": 0.10936330979269128
    },
    "top_regime": "R0",
    "weights": {
      "rule": 0.6,
      "stat": 0.3,
      "change": 0.1
    },
    "change_risk_prior": {
      "R0": 0.37109661111683123,
      "R1": 0.33554830555841564,
      "R2": 0.09830141048206911,
      "R3": 0.19505367284268402
    }
  },